SDL version, SDL name, Category (SDL file), Module, OCaml name, raw signature, API sig
3.2.0, SDL_AcquireCameraFrame, Camera, Camera, acquire_frame, camera @-> ptr uint64 @-> returning (some_to_ok surface_opt), camera -> int64
3.2.0, SDL_AcquireGPUCommandBuffer, Gpu, GPUCommandBuffer, acquire, gpu_device @-> returning (some_to_ok gpu_command_buffer_opt), gpu_device -> (gpu_command_buffer option) result
3.2.0, SDL_AcquireGPUSwapchainTexture, Gpu, GPU, acquire_swapchain_texture, gpu_command_buffer @-> window @-> ptr gpu_texture @-> ptr uint32 @-> ptr uint32 @-> returning bool, gpu_command_buffer -> window -> ptr gpu_texture -> (int * int) result
3.2.0, SDL_AddAtomicInt, Atomic, AtomicInt, add, atomic_int @-> int @-> returning int, atomic_int -> int -> int
3.2.0, SDL_AddEventWatch, Events, Event, add_watch, event_filter @-> ptr void @-> returning true_to_ok, event_filter -> ptr void -> unit result
3.2.0, SDL_AddGamepadMapping, Gamepad, Gamepad, add_mapping, string @-> returning int, string -> int
3.2.0, SDL_AddGamepadMappingsFromFile, Gamepad, Gamepad, add_mappings_from_file, string @-> returning int, string -> int
3.2.0, SDL_AddGamepadMappingsFromIO, Gamepad, Gamepad, add_mappings_from_io, io_stream @-> bool @-> returning int, io_stream -> bool -> int
3.2.0, SDL_AddHintCallback, Hints, Hint, add_callback, string @-> hint_callback @-> ptr void @-> returning true_to_ok, string -> hint_callback -> ptr void -> unit result
3.2.0, SDL_AddSurfaceAlternateImage, Surface, Surface, add_alternate_image, surface @-> surface @-> returning true_to_ok, surface -> surface -> unit result
3.2.0, SDL_AddTimer, Timer, Timer, add, uint32 @-> timer_callback @-> ptr void @-> returning int_as_uint, int -> timer_callback -> ptr void -> int
3.2.0, SDL_AddTimerNS, Timer, Timer, add_ns, uint64 @-> ns_timer_callback @-> ptr void @-> returning int_as_uint, int64 -> ns_timer_callback -> ptr void -> int
3.2.0, SDL_AddVulkanRenderSemaphores, Render, Renderer, add_vulkan_semaphores, renderer @-> uint32 @-> sint64 @-> sint64 @-> returning true_to_ok, renderer -> int -> int -> int -> unit result
3.2.0, SDL_AsyncIOFromFile, Asyncio, AsyncIO, from_file, string @-> string @-> returning (some_to_ok async_io_opt), string -> string -> (async_io option) result
3.2.0, SDL_AttachVirtualJoystick, Joystick, Joystick, attach_virtual, ptr virtual_joystick_desc @-> returning int_as_uint, ptr virtual_joystick_desc -> int
3.2.0, SDL_AudioDevicePaused, Audio, AudioDevice, paused, audio_device_id @-> returning true_to_ok, int -> unit result
3.2.0, SDL_AudioStreamDevicePaused, Audio, AudioStream, device_paused, audio_stream @-> returning true_to_ok, audio_stream -> unit result
3.2.0, SDL_BeginGPUComputePass, Gpu, GPUComputePass, begin_, gpu_command_buffer @-> ptr gpu_storage_texture_read_write_binding @-> uint32 @-> ptr gpu_storage_buffer_read_write_binding @-> uint32 @-> returning (some_to_ok gpu_compute_pass_opt), gpu_command_buffer -> gpu_storage_texture_read_write_binding array -> gpu_storage_buffer_read_write_binding array -> (gpu_compute_pass option) result
3.2.0, SDL_BeginGPUCopyPass, Gpu, GPUCopyPass, begin_, gpu_command_buffer @-> returning (some_to_ok gpu_copy_pass_opt), gpu_command_buffer -> (gpu_copy_pass option) result
3.2.0, SDL_BeginGPURenderPass, Gpu, GPURenderPass, begin_, gpu_command_buffer @-> ptr gpu_color_target_info @-> uint32 @-> gpu_depth_stencil_target_info_opt @-> returning (some_to_ok gpu_render_pass_opt), gpu_command_buffer -> ptr gpu_color_target_info -> int -> gpu_depth_stencil_target_info option -> (gpu_render_pass option) result
3.2.0, SDL_BindAudioStream, Audio, Audio, bind_stream, audio_device_id @-> audio_stream @-> returning true_to_ok, int -> audio_stream -> unit result
3.2.0, SDL_BindAudioStreams, Audio, Audio, bind_streams, audio_device_id @-> ptr audio_stream @-> int @-> returning true_to_ok, int -> audio_stream array -> unit result
3.2.0, SDL_BindGPUComputePipeline, Gpu, GPU, bind_compute_pipeline, gpu_compute_pass @-> gpu_compute_pipeline @-> returning void, gpu_compute_pass -> gpu_compute_pipeline -> unit
3.2.0, SDL_BindGPUComputeSamplers, Gpu, GPU, bind_compute_samplers, gpu_compute_pass @-> uint32 @-> ptr gpu_texture_sampler_binding @-> uint32 @-> returning void, gpu_compute_pass -> int -> ptr gpu_texture_sampler_binding -> int -> unit
3.2.0, SDL_BindGPUComputeStorageBuffers, Gpu, GPU, bind_compute_storage_buffers, gpu_compute_pass @-> uint32 @-> ptr gpu_buffer @-> uint32 @-> returning void, gpu_compute_pass -> int -> ptr gpu_buffer -> int -> unit
3.2.0, SDL_BindGPUComputeStorageTextures, Gpu, GPU, bind_compute_storage_textures, gpu_compute_pass @-> uint32 @-> ptr gpu_texture @-> uint32 @-> returning void, gpu_compute_pass -> int -> ptr gpu_texture -> int -> unit
3.2.0, SDL_BindGPUFragmentSamplers, Gpu, GPU, bind_fragment_samplers, gpu_render_pass @-> uint32 @-> ptr gpu_texture_sampler_binding @-> uint32 @-> returning void, gpu_render_pass -> int -> ptr gpu_texture_sampler_binding -> int -> unit
3.2.0, SDL_BindGPUFragmentStorageBuffers, Gpu, GPU, bind_fragment_storage_buffers, gpu_render_pass @-> uint32 @-> ptr gpu_buffer @-> uint32 @-> returning void, gpu_render_pass -> int -> ptr gpu_buffer -> int -> unit
3.2.0, SDL_BindGPUFragmentStorageTextures, Gpu, GPU, bind_fragment_storage_textures, gpu_render_pass @-> uint32 @-> ptr gpu_texture @-> uint32 @-> returning void, gpu_render_pass -> int -> ptr gpu_texture -> int -> unit
3.2.0, SDL_BindGPUGraphicsPipeline, Gpu, GPU, bind_graphics_pipeline, gpu_render_pass @-> gpu_graphics_pipeline @-> returning void, gpu_render_pass -> gpu_graphics_pipeline -> unit
3.2.0, SDL_BindGPUIndexBuffer, Gpu, GPU, bind_index_buffer, gpu_render_pass @-> ptr gpu_buffer_binding @-> gpu_index_element_size @-> returning void, gpu_render_pass -> ptr gpu_buffer_binding -> gpu_index_element_size -> unit
3.2.0, SDL_BindGPUVertexBuffers, Gpu, GPU, bind_vertex_buffers, gpu_render_pass @-> uint32 @-> ptr gpu_buffer_binding @-> uint32 @-> returning void, gpu_render_pass -> int -> gpu_buffer_binding array -> unit
3.2.0, SDL_BindGPUVertexSamplers, Gpu, GPU, bind_vertex_samplers, gpu_render_pass @-> uint32 @-> ptr gpu_texture_sampler_binding @-> uint32 @-> returning void, gpu_render_pass -> int -> ptr gpu_texture_sampler_binding -> int -> unit
3.2.0, SDL_BindGPUVertexStorageBuffers, Gpu, GPU, bind_vertex_storage_buffers, gpu_render_pass @-> uint32 @-> ptr gpu_buffer @-> uint32 @-> returning void, gpu_render_pass -> int -> ptr gpu_buffer -> int -> unit
3.2.0, SDL_BindGPUVertexStorageTextures, Gpu, GPU, bind_vertex_storage_textures, gpu_render_pass @-> uint32 @-> ptr gpu_texture @-> uint32 @-> returning void, gpu_render_pass -> int -> ptr gpu_texture -> int -> unit
3.2.0, SDL_BlitGPUTexture, Gpu, GPU, blit_texture, gpu_command_buffer @-> ptr gpu_blit_info @-> returning void, gpu_command_buffer -> ptr gpu_blit_info -> unit
3.2.0, SDL_BlitSurface, Surface, Surface, blit, surface @-> rect_opt @-> surface @-> rect_opt @-> returning true_to_ok, surface -> rect option -> surface -> rect option -> unit result
3.2.0, SDL_BlitSurface9Grid, Surface, Surface, blit9_grid, surface @-> rect_opt @-> int @-> int @-> int @-> int @-> float @-> scale_mode @-> surface @-> rect_opt @-> returning true_to_ok, surface -> rect option -> int -> int -> int -> int -> float -> scale_mode -> surface -> rect option -> unit result
3.2.0, SDL_BlitSurfaceScaled, Surface, Surface, blit_scaled, surface @-> rect_opt @-> surface @-> rect_opt @-> scale_mode @-> returning true_to_ok, surface -> rect option -> surface -> rect option -> scale_mode -> unit result
3.2.0, SDL_BlitSurfaceTiled, Surface, Surface, blit_tiled, surface @-> rect_opt @-> surface @-> rect_opt @-> returning true_to_ok, surface -> rect option -> surface -> rect option -> unit result
3.2.0, SDL_BlitSurfaceTiledWithScale, Surface, Surface, blit_tiled_with_scale, surface @-> rect_opt @-> float @-> scale_mode @-> surface @-> rect_opt @-> returning true_to_ok, surface -> rect option -> float -> scale_mode -> surface -> rect option -> unit result
3.2.0, SDL_BlitSurfaceUnchecked, Surface, Surface, blit_unchecked, surface @-> rect_opt @-> surface @-> rect_opt @-> returning true_to_ok, surface -> rect option -> surface -> rect option -> unit result
3.2.0, SDL_BlitSurfaceUncheckedScaled, Surface, Surface, blit_unchecked_scaled, surface @-> rect_opt @-> surface @-> rect_opt @-> scale_mode @-> returning true_to_ok, surface -> rect option -> surface -> rect option -> scale_mode -> unit result
3.2.0, SDL_BroadcastCondition, Mutex, Condition, broadcast, condition @-> returning void, condition -> unit
3.2.0, SDL_CalculateGPUTextureFormatSize, Gpu, GPUTextureFormat, calculate_size, gpu_texture_format @-> uint32 @-> uint32 @-> uint32 @-> returning int_as_uint, gpu_texture_format -> int -> int -> int -> int
3.2.0, SDL_CancelGPUCommandBuffer, Gpu, GPUCommandBuffer, cancel, gpu_command_buffer @-> returning true_to_ok, gpu_command_buffer -> unit result
3.2.0, SDL_CaptureMouse, Mouse, Mouse, capture, bool @-> returning true_to_ok, bool -> unit result
3.2.0, SDL_ClaimWindowForGPUDevice, Gpu, GPUDevice, claim_window_for, gpu_device @-> window @-> returning true_to_ok, gpu_device -> window -> unit result
3.2.0, SDL_CleanupTLS, Thread, , cleanup_tls, void @-> returning void, unit -> unit
3.2.0, SDL_ClearAudioStream, Audio, AudioStream, clear, audio_stream @-> returning true_to_ok, audio_stream -> unit result
3.2.0, SDL_ClearClipboardData, Clipboard, Clipboard, clear_data, void @-> returning true_to_ok, unit -> unit result
3.2.0, SDL_ClearComposition, Keyboard, , clear_composition, window @-> returning true_to_ok, window -> unit result
3.2.0, SDL_ClearError, Error, Error, clear, void @-> returning bool, unit -> bool
3.2.0, SDL_ClearProperty, Properties, , clear_property, properties_id @-> string @-> returning true_to_ok, int -> string -> unit result
3.2.0, SDL_ClearSurface, Surface, Surface, clear, surface @-> float @-> float @-> float @-> float @-> returning true_to_ok, surface -> float -> float -> float -> float -> unit result
3.2.0, SDL_ClickTrayEntry, Tray, Tray, click_entry, tray_entry @-> returning void, tray_entry -> unit
3.2.0, SDL_CloseAsyncIO, Asyncio, AsyncIO, close, async_io @-> bool @-> async_io_queue @-> ptr void @-> returning true_to_ok, async_io -> bool -> async_io_queue -> ptr void -> unit result
3.2.0, SDL_CloseAudioDevice, Audio, AudioDevice, close, audio_device_id @-> returning void, int -> unit
3.2.0, SDL_CloseCamera, Camera, Camera, close, camera @-> returning void, camera -> unit
3.2.0, SDL_CloseGamepad, Gamepad, Gamepad, close, gamepad @-> returning void, gamepad -> unit
3.2.0, SDL_CloseHaptic, Haptic, Haptic, close, haptic @-> returning void, haptic -> unit
3.2.0, SDL_CloseIO, Iostream, , close_io, io_stream @-> returning true_to_ok, io_stream -> unit result
3.2.0, SDL_CloseJoystick, Joystick, Joystick, close, joystick @-> returning void, joystick -> unit
3.2.0, SDL_CloseSensor, Sensor, Sensor, close, sensor @-> returning void, sensor -> unit
3.2.0, SDL_CloseStorage, Storage, Storage, close, storage @-> returning true_to_ok, storage -> unit result
3.2.0, SDL_CompareAndSwapAtomicInt, Atomic, AtomicInt, compare_and_swap, atomic_int @-> int @-> int @-> returning true_to_ok, atomic_int -> int -> int -> unit result
3.2.0, SDL_CompareAndSwapAtomicPointer, Atomic, Atomic, compare_and_swap_pointer, ptr (ptr void) @-> ptr void @-> ptr void @-> returning true_to_ok, ptr (ptr void) -> ptr void -> ptr void -> unit result
3.2.0, SDL_CompareAndSwapAtomicU32, Atomic, AtomicU32, compare_and_swap, atomic_u32 @-> uint32 @-> uint32 @-> returning true_to_ok, atomic_u32 -> int -> int -> unit result
3.2.0, SDL_ComposeCustomBlendMode, Blendmode, , compose_custom_blend_mode, blend_factor @-> blend_factor @-> blend_operation @-> blend_factor @-> blend_factor @-> blend_operation @-> returning int_as_uint, blend_factor -> blend_factor -> blend_operation -> blend_factor -> blend_factor -> blend_operation -> int
3.2.0, SDL_ConvertAudioSamples, Audio, Audio, convert_samples, audio_spec @-> ptr uint8 @-> int @-> audio_spec @-> ptr_opt (ptr uint8) @-> ptr int @-> returning bool, audio_spec -> ptr uint8 -> int -> audio_spec -> ptr_opt (ptr uint8) -> int
3.2.0, SDL_ConvertEventToRenderCoordinates, Render, Renderer, convert_event_to_coordinates, renderer @-> event @-> returning true_to_ok, renderer -> event -> unit result
3.2.0, SDL_ConvertPixels, Surface, , convert_pixels, int @-> int @-> pixel_format @-> ptr void @-> int @-> pixel_format @-> ptr void @-> int @-> returning true_to_ok, int -> int -> pixel_format -> ptr void -> int -> pixel_format -> ptr void -> int -> unit result
3.2.0, SDL_ConvertPixelsAndColorspace, Surface, , convert_pixels_and_colorspace, int @-> int @-> pixel_format @-> colorspace @-> properties_id @-> ptr void @-> int @-> pixel_format @-> colorspace @-> properties_id @-> ptr void @-> int @-> returning true_to_ok, int -> int -> pixel_format -> colorspace -> int -> ptr void -> int -> pixel_format -> colorspace -> int -> ptr void -> int -> unit result
3.2.0, SDL_ConvertSurface, Surface, Surface, convert, surface @-> pixel_format @-> returning (some_to_ok surface_opt), surface -> pixel_format -> (surface option) result
3.2.0, SDL_ConvertSurfaceAndColorspace, Surface, Surface, convert_and_colorspace, surface @-> pixel_format @-> palette_opt @-> colorspace @-> properties_id @-> returning (some_to_ok surface_opt), surface -> pixel_format -> palette option -> colorspace -> int -> (surface option) result
3.2.0, SDL_CopyFile, Filesystem, , copy_file, string @-> string @-> returning true_to_ok, string -> string -> unit result
3.2.0, SDL_CopyGPUBufferToBuffer, Gpu, GPU, copy_buffer_to_buffer, gpu_copy_pass @-> ptr gpu_buffer_location @-> ptr gpu_buffer_location @-> uint32 @-> bool @-> returning void, gpu_copy_pass -> ptr gpu_buffer_location -> ptr gpu_buffer_location -> int -> bool -> unit
3.2.0, SDL_CopyGPUTextureToTexture, Gpu, GPU, copy_texture_to_texture, gpu_copy_pass @-> ptr gpu_texture_location @-> ptr gpu_texture_location @-> uint32 @-> uint32 @-> uint32 @-> bool @-> returning void, gpu_copy_pass -> ptr gpu_texture_location -> ptr gpu_texture_location -> int -> int -> int -> bool -> unit
3.2.0, SDL_CopyProperties, Properties, Properties, copy, properties_id @-> properties_id @-> returning true_to_ok, int -> int -> unit result
3.2.0, SDL_CopyStorageFile, Storage, Storage, copy_file, storage @-> string @-> string @-> returning true_to_ok, storage -> string -> string -> unit result
3.2.0, SDL_CreateAsyncIOQueue, Asyncio, AsyncIO, create_queue, void @-> returning (some_to_ok async_io_queue_opt), unit -> (async_io_queue option) result
3.2.0, SDL_CreateAudioStream, Audio, AudioStream, create, audio_spec_opt @-> audio_spec_opt @-> returning (some_to_ok audio_stream_opt), audio_spec option -> audio_spec option -> (audio_stream option) result
3.2.0, SDL_CreateColorCursor, Mouse, Cursor, create_color, surface @-> int @-> int @-> returning (some_to_ok cursor_opt), surface -> int -> int -> (cursor option) result
3.2.0, SDL_CreateCondition, Mutex, Condition, create, void @-> returning (some_to_ok condition_opt), unit -> (condition option) result
3.2.0, SDL_CreateCursor, Mouse, Cursor, create, ptr uint8 @-> ptr uint8 @-> int @-> int @-> int @-> int @-> returning (some_to_ok cursor_opt), ptr uint8 -> ptr uint8 -> int -> int -> int -> int -> (cursor option) result
3.2.0, SDL_CreateDirectory, Filesystem, , create_directory, string @-> returning true_to_ok, string -> unit result
3.2.0, SDL_CreateEnvironment, Stdinc, Environment, create, bool @-> returning (some_to_ok environment_opt), bool -> (environment option) result
3.2.0, SDL_CreateGPUBuffer, Gpu, GPUBuffer, create, gpu_device @-> ptr gpu_buffer_create_info @-> returning (some_to_ok gpu_buffer_opt), gpu_device -> ptr gpu_buffer_create_info -> (gpu_buffer option) result
3.2.0, SDL_CreateGPUComputePipeline, Gpu, GPUComputePipeline, create, gpu_device @-> ptr gpu_compute_pipeline_create_info @-> returning (some_to_ok gpu_compute_pipeline_opt), gpu_device -> ptr gpu_compute_pipeline_create_info -> (gpu_compute_pipeline option) result
3.2.0, SDL_CreateGPUDevice, Gpu, GPUDevice, create, gpu_shader_format @-> bool @-> string @-> returning (some_to_ok gpu_device_opt), int -> bool -> string -> (gpu_device option) result
3.2.0, SDL_CreateGPUDeviceWithProperties, Gpu, GPUDevice, create_with_properties, properties_id @-> returning (some_to_ok gpu_device_opt), int -> (gpu_device option) result
3.2.0, SDL_CreateGPUGraphicsPipeline, Gpu, GPUGraphicsPipeline, create, gpu_device @-> ptr gpu_graphics_pipeline_create_info @-> returning (some_to_ok gpu_graphics_pipeline_opt), gpu_device -> ptr gpu_graphics_pipeline_create_info -> (gpu_graphics_pipeline option) result
3.2.0, SDL_CreateGPUSampler, Gpu, GPUSampler, create, gpu_device @-> ptr gpu_sampler_create_info @-> returning (some_to_ok gpu_sampler_opt), gpu_device -> ptr gpu_sampler_create_info -> (gpu_sampler option) result
3.2.0, SDL_CreateGPUShader, Gpu, GPUShader, create, gpu_device @-> ptr gpu_shader_create_info @-> returning (some_to_ok gpu_shader_opt), gpu_device -> ptr gpu_shader_create_info -> (gpu_shader option) result
3.2.0, SDL_CreateGPUTexture, Gpu, GPUTexture, create, gpu_device @-> ptr gpu_texture_create_info @-> returning (some_to_ok gpu_texture_opt), gpu_device -> ptr gpu_texture_create_info -> (gpu_texture option) result
3.2.0, SDL_CreateGPUTransferBuffer, Gpu, GPUTransferBuffer, create, gpu_device @-> ptr gpu_transfer_buffer_create_info @-> returning (some_to_ok gpu_transfer_buffer_opt), gpu_device -> ptr gpu_transfer_buffer_create_info -> (gpu_transfer_buffer option) result
3.2.0, SDL_CreateHapticEffect, Haptic, Haptic, create_effect, haptic @-> ptr haptic_effect @-> returning haptic_effect_id, haptic -> ptr haptic_effect -> haptic_effect_id (* int *)
3.2.0, SDL_CreateMutex, Mutex, Mutex, create, void @-> returning (some_to_ok mutex_opt), unit -> (mutex option) result
3.2.0, SDL_CreatePalette, Pixels, Palette, create, int @-> returning (some_to_ok palette_opt), int -> (palette option) result
3.2.0, SDL_CreatePopupWindow, Video, Window, create_popup, window_opt @-> int @-> int @-> int @-> int @-> window_flags @-> returning (some_to_ok window_opt), window option -> int -> int -> int -> int -> int64 -> (window option) result
3.2.0, SDL_CreateProcess, Process, Process, create, ptr string @-> bool @-> returning (some_to_ok process_opt), ptr string -> bool -> (process option) result
3.2.0, SDL_CreateProcessWithProperties, Process, Process, create_with_properties, properties_id @-> returning (some_to_ok process_opt), int -> (process option) result
3.2.0, SDL_CreateProperties, Properties, Properties, create, void @-> returning int_as_uint, unit -> int
3.2.0, SDL_CreateRWLock, Mutex, RWLock, create, void @-> returning (some_to_ok rw_lock_opt), unit -> (rw_lock option) result
3.2.0, SDL_CreateRenderer, Render, Renderer, create, window @-> string @-> returning (some_to_ok renderer_opt), window -> string -> (renderer option) result
3.2.0, SDL_CreateRendererWithProperties, Render, Renderer, create_with_properties, properties_id @-> returning (some_to_ok renderer_opt), int -> (renderer option) result
3.2.0, SDL_CreateSemaphore, Mutex, Semaphore, create, uint32 @-> returning (some_to_ok semaphore_opt), int -> (semaphore option) result
3.2.0, SDL_CreateSoftwareRenderer, Render, Renderer, create_software, surface @-> returning (some_to_ok renderer_opt), surface -> (renderer option) result
3.2.0, SDL_CreateStorageDirectory, Storage, Storage, create_directory, storage @-> string @-> returning true_to_ok, storage -> string -> unit result
3.2.0, SDL_CreateSurface, Surface, Surface, create, int @-> int @-> pixel_format @-> returning (some_to_ok surface_opt), int -> int -> pixel_format -> (surface option) result
3.2.0, SDL_CreateSurfaceFrom, Surface, Surface, create_from, int @-> int @-> pixel_format @-> ptr void @-> int @-> returning (some_to_ok surface_opt), int -> int -> pixel_format -> ptr void -> int -> (surface option) result
3.2.0, SDL_CreateSurfacePalette, Surface, Surface, create_palette, surface @-> returning (some_to_ok palette_opt), surface -> (palette option) result
3.2.0, SDL_CreateSystemCursor, Mouse, SystemCursor, create, system_cursor @-> returning (some_to_ok cursor_opt), system_cursor -> (cursor option) result
3.2.0, SDL_CreateTexture, Render, Texture, create, renderer @-> pixel_format @-> texture_access @-> int @-> int @-> returning (some_to_ok texture_opt), renderer -> pixel_format -> texture_access -> int -> int -> (texture option) result
3.2.0, SDL_CreateTextureFromSurface, Render, Texture, create_from_surface, renderer @-> surface @-> returning (some_to_ok texture_opt), renderer -> surface -> (texture option) result
3.2.0, SDL_CreateTextureWithProperties, Render, Texture, create_with_properties, renderer @-> properties_id @-> returning (some_to_ok texture_opt), renderer -> int -> (texture option) result
3.2.0, SDL_CreateThreadRuntime, Thread, Thread, create_runtime, thread_function @-> string @-> ptr void @-> function_pointer_opt @-> function_pointer_opt @-> returning (some_to_ok thread_opt), thread_function -> string -> ptr void -> function_pointer option -> function_pointer option -> (thread option) result
3.2.0, SDL_CreateThreadWithPropertiesRuntime, Thread, Thread, create_with_properties_runtime, properties_id @-> function_pointer_opt @-> function_pointer_opt @-> returning (some_to_ok thread_opt), int -> function_pointer option -> function_pointer option -> (thread option) result
3.2.0, SDL_CreateTray, Tray, Tray, create, surface_opt @-> string @-> returning (some_to_ok tray_opt), surface option -> string -> (tray option) result
3.2.0, SDL_CreateTrayMenu, Tray, Tray, create_menu, tray @-> returning (some_to_ok tray_menu_opt), tray -> (tray_menu option) result
3.2.0, SDL_CreateTraySubmenu, Tray, Tray, create_submenu, tray_entry @-> returning (some_to_ok tray_menu_opt), tray_entry -> (tray_menu option) result
3.2.0, SDL_CreateWindow, Video, Window, create, string @-> int @-> int @-> window_flags @-> returning (some_to_ok window_opt), string -> int -> int -> int64 -> (window option) result
3.2.0, SDL_CreateWindowAndRenderer, Render, , create_window_and_renderer, string @-> int @-> int @-> window_flags @-> ptr window @-> ptr renderer @-> returning bool, string -> int -> int -> int64 -> (window * renderer) result
3.2.0, SDL_CreateWindowWithProperties, Video, Window, create_with_properties, properties_id @-> returning (some_to_ok window_opt), int -> (window option) result
3.2.0, SDL_CursorVisible, Mouse, , cursor_visible, void @-> returning true_to_ok, unit -> unit result
3.2.0, SDL_DateTimeToTime, Time, DateTime, to_time, ptr date_time @-> ptr time @-> returning bool, ptr date_time -> int
3.2.0, SDL_Delay, Timer, , delay, uint32 @-> returning void, int -> unit
3.2.0, SDL_DelayNS, Timer, , delay_ns, uint64 @-> returning void, int64 -> unit
3.2.0, SDL_DelayPrecise, Timer, , delay_precise, uint64 @-> returning void, int64 -> unit
3.2.0, SDL_DestroyAsyncIOQueue, Asyncio, AsyncIO, destroy_queue, async_io_queue @-> returning void, async_io_queue -> unit
3.2.0, SDL_DestroyAudioStream, Audio, AudioStream, destroy, audio_stream @-> returning void, audio_stream -> unit
3.2.0, SDL_DestroyCondition, Mutex, Condition, destroy, condition @-> returning void, condition -> unit
3.2.0, SDL_DestroyCursor, Mouse, Cursor, destroy, cursor @-> returning void, cursor -> unit
3.2.0, SDL_DestroyEnvironment, Stdinc, Environment, destroy, environment @-> returning void, environment -> unit
3.2.0, SDL_DestroyGPUDevice, Gpu, GPUDevice, destroy, gpu_device @-> returning void, gpu_device -> unit
3.2.0, SDL_DestroyHapticEffect, Haptic, Haptic, destroy_effect, haptic @-> haptic_effect_id @-> returning void, haptic -> haptic_effect_id (* int *) -> unit
3.2.0, SDL_DestroyMutex, Mutex, Mutex, destroy, mutex @-> returning void, mutex -> unit
3.2.0, SDL_DestroyPalette, Pixels, Palette, destroy, palette @-> returning void, palette -> unit
3.2.0, SDL_DestroyProcess, Process, Process, destroy, process @-> returning void, process -> unit
3.2.0, SDL_DestroyProperties, Properties, Properties, destroy, properties_id @-> returning void, int -> unit
3.2.0, SDL_DestroyRWLock, Mutex, RWLock, destroy, rw_lock @-> returning void, rw_lock -> unit
3.2.0, SDL_DestroyRenderer, Render, Renderer, destroy, renderer @-> returning void, renderer -> unit
3.2.0, SDL_DestroySemaphore, Mutex, Semaphore, destroy, semaphore @-> returning void, semaphore -> unit
3.2.0, SDL_DestroySurface, Surface, Surface, destroy, surface @-> returning void, surface -> unit
3.2.0, SDL_DestroyTexture, Render, Texture, destroy, texture @-> returning void, texture -> unit
3.2.0, SDL_DestroyTray, Tray, Tray, destroy, tray @-> returning void, tray -> unit
3.2.0, SDL_DestroyWindow, Video, Window, destroy, window @-> returning void, window -> unit
3.2.0, SDL_DestroyWindowSurface, Video, Window, destroy_surface, window @-> returning true_to_ok, window -> unit result
3.2.0, SDL_DetachThread, Thread, Thread, detach, thread @-> returning void, thread -> unit
3.2.0, SDL_DetachVirtualJoystick, Joystick, Joystick, detach_virtual, joystick_id @-> returning true_to_ok, int -> unit result
3.2.0, SDL_DisableScreenSaver, Video, , disable_screen_saver, void @-> returning true_to_ok, unit -> unit result
3.2.0, SDL_DispatchGPUCompute, Gpu, GPU, dispatch_compute, gpu_compute_pass @-> uint32 @-> uint32 @-> uint32 @-> returning void, gpu_compute_pass -> int -> int -> int -> unit
3.2.0, SDL_DispatchGPUComputeIndirect, Gpu, GPU, dispatch_compute_indirect, gpu_compute_pass @-> gpu_buffer @-> uint32 @-> returning void, gpu_compute_pass -> gpu_buffer -> int -> unit
3.2.0, SDL_DownloadFromGPUBuffer, Gpu, GPU, download_from_buffer, gpu_copy_pass @-> ptr gpu_buffer_region @-> ptr gpu_transfer_buffer_location @-> returning void, gpu_copy_pass -> ptr gpu_buffer_region -> ptr gpu_transfer_buffer_location -> unit
3.2.0, SDL_DownloadFromGPUTexture, Gpu, GPU, download_from_texture, gpu_copy_pass @-> ptr gpu_texture_region @-> ptr gpu_texture_transfer_info @-> returning void, gpu_copy_pass -> ptr gpu_texture_region -> ptr gpu_texture_transfer_info -> unit
3.2.0, SDL_DrawGPUIndexedPrimitives, Gpu, GPU, draw_indexed_primitives, gpu_render_pass @-> uint32 @-> uint32 @-> uint32 @-> sint32 @-> uint32 @-> returning void, gpu_render_pass -> int -> int -> int -> sint32 (* int *) -> int -> unit
3.2.0, SDL_DrawGPUIndexedPrimitivesIndirect, Gpu, GPU, draw_indexed_primitives_indirect, gpu_render_pass @-> gpu_buffer @-> uint32 @-> uint32 @-> returning void, gpu_render_pass -> gpu_buffer -> int -> int -> unit
3.2.0, SDL_DrawGPUPrimitives, Gpu, GPU, draw_primitives, gpu_render_pass @-> uint32 @-> uint32 @-> uint32 @-> uint32 @-> returning void, gpu_render_pass -> int -> int -> int -> int -> unit
3.2.0, SDL_DrawGPUPrimitivesIndirect, Gpu, GPU, draw_primitives_indirect, gpu_render_pass @-> gpu_buffer @-> uint32 @-> uint32 @-> returning void, gpu_render_pass -> gpu_buffer -> int -> int -> unit
3.2.0, SDL_DuplicateSurface, Surface, Surface, duplicate, surface @-> returning (some_to_ok surface_opt), surface -> (surface option) result
3.2.0, SDL_EGL_GetCurrentConfig, Video, , egl_get_current_config, void @-> returning egl_config, unit -> egl_config
3.2.0, SDL_EGL_GetCurrentDisplay, Video, , egl_get_current_display, void @-> returning egl_display, unit -> egl_display
3.2.0, SDL_EGL_GetProcAddress, Video, , egl_get_proc_address, string @-> returning function_pointer, string -> function_pointer
3.2.0, SDL_EGL_GetWindowSurface, Video, Window, egl_get_surface, window @-> returning egl_surface, window -> egl_surface
3.2.0, SDL_EGL_SetAttributeCallbacks, Video, , egl_set_attribute_callbacks, egl_attrib_array_callback_opt @-> egl_int_array_callback_opt @-> egl_int_array_callback_opt @-> ptr void @-> returning void, egl_attrib_array_callback option -> egl_int_array_callback option -> egl_int_array_callback option -> ptr void -> unit
3.2.0, SDL_EnableScreenSaver, Video, , enable_screen_saver, void @-> returning true_to_ok, unit -> unit result
3.2.0, SDL_EndGPUComputePass, Gpu, GPUComputePass, end_, gpu_compute_pass @-> returning void, gpu_compute_pass -> unit
3.2.0, SDL_EndGPUCopyPass, Gpu, GPUCopyPass, end_, gpu_copy_pass @-> returning void, gpu_copy_pass -> unit
3.2.0, SDL_EndGPURenderPass, Gpu, GPURenderPass, end_, gpu_render_pass @-> returning void, gpu_render_pass -> unit
3.2.0, SDL_EnumerateDirectory, Filesystem, , enumerate_directory, string @-> enumerate_directory_callback @-> ptr void @-> returning true_to_ok, string -> enumerate_directory_callback -> ptr void -> unit result
3.2.0, SDL_EnumerateProperties, Properties, Properties, enumerate, properties_id @-> enumerate_properties_callback @-> ptr void @-> returning true_to_ok, int -> enumerate_properties_callback -> ptr void -> unit result
3.2.0, SDL_EnumerateStorageDirectory, Storage, Storage, enumerate_directory, storage @-> string @-> enumerate_directory_callback @-> ptr void @-> returning true_to_ok, storage -> string -> enumerate_directory_callback -> ptr void -> unit result
3.2.0, SDL_EventEnabled, Events, Event, enabled, uint32 @-> returning bool, int -> bool
3.2.0, SDL_FillSurfaceRect, Surface, Surface, fill_rect, surface @-> rect_opt @-> uint32 @-> returning true_to_ok, surface -> rect option -> int -> unit result
3.2.0, SDL_FillSurfaceRects, Surface, Surface, fill_rects, surface @-> ptr rect @-> int @-> uint32 @-> returning true_to_ok, surface -> rect array -> int -> unit result
3.2.0, SDL_FilterEvents, Events, Event, filters, event_filter @-> ptr void @-> returning void, event_filter -> ptr void -> unit
3.2.0, SDL_FlashWindow, Video, Window, flash, window @-> flash_operation @-> returning true_to_ok, window -> flash_operation -> unit result
3.2.0, SDL_FlipSurface, Surface, Surface, flip, surface @-> flip_mode @-> returning true_to_ok, surface -> flip_mode -> unit result
3.2.0, SDL_FlushAudioStream, Audio, AudioStream, flush, audio_stream @-> returning true_to_ok, audio_stream -> unit result
3.2.0, SDL_FlushEvent, Events, Event, flush, uint32 @-> returning void, int -> unit
3.2.0, SDL_FlushEvents, Events, Event, flushs, uint32 @-> uint32 @-> returning void, int -> int -> unit
3.2.0, SDL_FlushIO, Iostream, , flush_io, io_stream @-> returning true_to_ok, io_stream -> unit result
3.2.0, SDL_FlushRenderer, Render, Renderer, flush, renderer @-> returning true_to_ok, renderer -> unit result
3.2.0, SDL_GL_CreateContext, Video, , gl_create_context, window @-> returning gl_context, window -> gl_context
3.2.0, SDL_GL_DestroyContext, Video, , gl_destroy_context, gl_context @-> returning true_to_ok, gl_context -> unit result
3.2.0, SDL_GL_ExtensionSupported, Video, , gl_extension_supported, string @-> returning true_to_ok, string -> unit result
3.2.0, SDL_GL_GetAttribute, Video, , gl_get_attribute, gl_attr @-> ptr int @-> returning bool, gl_attr -> int
3.2.0, SDL_GL_GetCurrentContext, Video, , gl_get_current_context, void @-> returning gl_context, unit -> gl_context
3.2.0, SDL_GL_GetCurrentWindow, Video, Window, gl_get_current, void @-> returning (some_to_ok window_opt), unit -> (window option) result
3.2.0, SDL_GL_GetProcAddress, Video, , gl_get_proc_address, string @-> returning function_pointer, string -> function_pointer
3.2.0, SDL_GL_GetSwapInterval, Video, , gl_get_swap_interval, ptr int @-> returning bool, unit -> int
3.2.0, SDL_GL_LoadLibrary, Video, , gl_load_library, string @-> returning true_to_ok, string -> unit result
3.2.0, SDL_GL_MakeCurrent, Video, , gl_make_current, window @-> gl_context @-> returning true_to_ok, window -> gl_context -> unit result
3.2.0, SDL_GL_ResetAttributes, Video, , gl_reset_attributes, void @-> returning void, unit -> unit
3.2.0, SDL_GL_SetAttribute, Video, , gl_set_attribute, gl_attr @-> int @-> returning true_to_ok, gl_attr -> int -> unit result
3.2.0, SDL_GL_SetSwapInterval, Video, , gl_set_swap_interval, int @-> returning true_to_ok, int -> unit result
3.2.0, SDL_GL_SwapWindow, Video, Window, gl_swap, window @-> returning true_to_ok, window -> unit result
3.2.0, SDL_GL_UnloadLibrary, Video, , gl_unload_library, void @-> returning void, unit -> unit
3.2.0, SDL_GPUSupportsProperties, Gpu, Properties, gpu_supports, properties_id @-> returning bool, int -> bool
3.2.0, SDL_GPUSupportsShaderFormats, Gpu, GPU, supports_shader_formats, gpu_shader_format @-> string @-> returning bool, int -> string -> bool
3.2.0, SDL_GPUTextureFormatTexelBlockSize, Gpu, GPUTextureFormat, texel_block_size, gpu_texture_format @-> returning int_as_uint, gpu_texture_format -> int
3.2.0, SDL_GPUTextureSupportsFormat, Gpu, GPU, texture_supports_format, gpu_device @-> gpu_texture_format @-> gpu_texture_type @-> gpu_texture_usage_flags @-> returning bool, gpu_device -> gpu_texture_format -> gpu_texture_type -> int -> bool
3.2.0, SDL_GPUTextureSupportsSampleCount, Gpu, GPU, texture_supports_sample_count, gpu_device @-> gpu_texture_format @-> gpu_sample_count @-> returning bool, gpu_device -> gpu_texture_format -> gpu_sample_count -> bool
3.2.0, SDL_GUIDToString, Guid, GUID, to_string, guid @-> string @-> int @-> returning void, guid -> string -> int -> unit
3.2.0, SDL_GamepadConnected, Gamepad, Gamepad, connected, gamepad @-> returning true_to_ok, gamepad -> unit result
3.2.0, SDL_GamepadEventsEnabled, Gamepad, Gamepad, events_enabled, void @-> returning bool, unit -> bool
3.2.0, SDL_GamepadHasAxis, Gamepad, Gamepad, has_axis, gamepad @-> gamepad_axis @-> returning bool, gamepad -> gamepad_axis -> bool
3.2.0, SDL_GamepadHasButton, Gamepad, Gamepad, has_button, gamepad @-> gamepad_button @-> returning bool, gamepad -> gamepad_button -> bool
3.2.0, SDL_GamepadHasSensor, Gamepad, Gamepad, has_sensor, gamepad @-> sensor_type @-> returning bool, gamepad -> sensor_type -> bool
3.2.0, SDL_GamepadSensorEnabled, Gamepad, Gamepad, sensor_enabled, gamepad @-> sensor_type @-> returning bool, gamepad -> sensor_type -> bool
3.2.0, SDL_GenerateMipmapsForGPUTexture, Gpu, GPU, generate_mipmaps_for_texture, gpu_command_buffer @-> gpu_texture @-> returning void, gpu_command_buffer -> gpu_texture -> unit
3.2.0, SDL_GetAppMetadataProperty, Init, , get_app_metadata_property, string @-> returning string, string -> string
3.2.0, SDL_GetAssertionHandler, Assert, Assertion, get_handler, ptr (ptr void) @-> returning assertion_handler, ptr (ptr void) -> assertion_handler
3.2.0, SDL_GetAssertionReport, Assert, Assertion, get_report, void @-> returning (ptr assert_data), unit -> ptr assert_data
3.2.0, SDL_GetAsyncIOResult, Asyncio, AsyncIO, get_result, async_io_queue @-> async_io_outcome_opt @-> returning true_to_ok, async_io_queue -> async_io_outcome option -> unit result
3.2.0, SDL_GetAsyncIOSize, Asyncio, AsyncIO, get_size, async_io @-> returning sint64, async_io -> int
3.2.0, SDL_GetAtomicInt, Atomic, AtomicInt, get, atomic_int @-> returning int, atomic_int -> int
3.2.0, SDL_GetAtomicPointer, Atomic, Atomic, get_pointer, ptr (ptr void) @-> returning (ptr void), ptr (ptr void) -> ptr void
3.2.0, SDL_GetAtomicU32, Atomic, AtomicU32, get, atomic_u32 @-> returning int_as_uint, atomic_u32 -> int
3.2.0, SDL_GetAudioDeviceChannelMap, Audio, AudioDevice, get_channel_map, audio_device_id @-> ptr int @-> returning (ptr int), int -> int list
3.2.0, SDL_GetAudioDeviceFormat, Audio, AudioDevice, get_format, audio_device_id @-> audio_spec @-> ptr int @-> returning bool, int -> audio_spec -> int
3.2.0, SDL_GetAudioDeviceGain, Audio, AudioDevice, get_gain, audio_device_id @-> returning float, int -> float
3.2.0, SDL_GetAudioDeviceName, Audio, AudioDevice, get_name, audio_device_id @-> returning string, int -> string
3.2.0, SDL_GetAudioDriver, Audio, Audio, get_driver, int @-> returning string, int -> string
3.2.0, SDL_GetAudioFormatName, Audio, AudioFormat, get_name, audio_format @-> returning string, audio_format -> string
3.2.0, SDL_GetAudioPlaybackDevices, Audio, Audio, get_playback_devices, ptr int @-> returning (ptr audio_device_id), unit -> int list
3.2.0, SDL_GetAudioRecordingDevices, Audio, Audio, get_recording_devices, ptr int @-> returning (ptr audio_device_id), unit -> int list
3.2.0, SDL_GetAudioStreamAvailable, Audio, AudioStream, get_available, audio_stream @-> returning int, audio_stream -> int
3.2.0, SDL_GetAudioStreamData, Audio, AudioStream, get_data, audio_stream @-> ptr void @-> int @-> returning int, audio_stream -> ptr void -> int -> int
3.2.0, SDL_GetAudioStreamDevice, Audio, AudioStream, get_device, audio_stream @-> returning int_as_uint, audio_stream -> int
3.2.0, SDL_GetAudioStreamFormat, Audio, AudioStream, get_format, audio_stream @-> audio_spec_opt @-> audio_spec_opt @-> returning true_to_ok, audio_stream -> audio_spec option -> audio_spec option -> unit result
3.2.0, SDL_GetAudioStreamFrequencyRatio, Audio, AudioStream, get_frequency_ratio, audio_stream @-> returning float, audio_stream -> float
3.2.0, SDL_GetAudioStreamGain, Audio, AudioStream, get_gain, audio_stream @-> returning float, audio_stream -> float
3.2.0, SDL_GetAudioStreamInputChannelMap, Audio, AudioStream, get_input_channel_map, audio_stream @-> ptr int @-> returning (ptr int), audio_stream -> int list
3.2.0, SDL_GetAudioStreamOutputChannelMap, Audio, AudioStream, get_output_channel_map, audio_stream @-> ptr int @-> returning (ptr int), audio_stream -> int list
3.2.0, SDL_GetAudioStreamProperties, Audio, AudioStream, get_properties, audio_stream @-> returning int_as_uint, audio_stream -> int
3.2.0, SDL_GetAudioStreamQueued, Audio, AudioStream, get_queued, audio_stream @-> returning int, audio_stream -> int
3.2.0, SDL_GetBasePath, Filesystem, , get_base_path, void @-> returning string, unit -> string
3.2.0, SDL_GetBooleanProperty, Properties, , get_boolean_property, properties_id @-> string @-> bool @-> returning true_to_ok, int -> string -> bool -> unit result
3.2.0, SDL_GetCPUCacheLineSize, Cpuinfo, , get_cpu_cache_line_size, void @-> returning int, unit -> int
3.2.0, SDL_GetCameraDriver, Camera, Camera, get_driver, int @-> returning string, int -> string
3.2.0, SDL_GetCameraFormat, Camera, Camera, get_format, camera @-> camera_spec @-> returning true_to_ok, camera -> camera_spec -> unit result
3.2.0, SDL_GetCameraID, Camera, Camera, get_id, camera @-> returning int_as_uint, camera -> int
3.2.0, SDL_GetCameraName, Camera, Camera, get_name, camera_id @-> returning string, int -> string
3.2.0, SDL_GetCameraPermissionState, Camera, Camera, get_permission_state, camera @-> returning camera_permission_state, camera -> camera_permission_state
3.2.0, SDL_GetCameraPosition, Camera, Camera, get_position, camera_id @-> returning camera_position, int -> camera_position
3.2.0, SDL_GetCameraProperties, Camera, Camera, get_properties, camera @-> returning int_as_uint, camera -> int
3.2.0, SDL_GetCameraSupportedFormats, Camera, Camera, get_supported_formats, camera_id @-> ptr int @-> returning (ptr camera_spec), int -> camera_spec list
3.2.0, SDL_GetCameras, Camera, Camera, gets, ptr int @-> returning (ptr camera_id), unit -> int list
3.2.0, SDL_GetClipboardData, Clipboard, Clipboard, get_data, string @-> ptr size_t @-> returning (ptr void), string -> ptr size_t -> ptr void
3.2.0, SDL_GetClipboardMimeTypes, Clipboard, Clipboard, get_mime_types, ptr_opt size_t @-> returning (ptr string), unit -> string list
3.2.0, SDL_GetClipboardText, Clipboard, Clipboard, get_text, void @-> returning string, unit -> string
3.2.0, SDL_GetClosestFullscreenDisplayMode, Video, Display, get_closest_fullscreen_mode, display_id @-> int @-> int @-> float @-> bool @-> display_mode @-> returning true_to_ok, int -> int -> int -> float -> bool -> display_mode -> unit result
3.2.0, SDL_GetCurrentAudioDriver, Audio, Audio, get_current_driver, void @-> returning string, unit -> string
3.2.0, SDL_GetCurrentCameraDriver, Camera, Camera, get_current_driver, void @-> returning string, unit -> string
3.2.0, SDL_GetCurrentDirectory, Filesystem, , get_current_directory, void @-> returning string, unit -> string
3.2.0, SDL_GetCurrentDisplayMode, Video, Display, get_current_mode, display_id @-> returning (some_to_ok display_mode_opt), int -> (display_mode option) result
3.2.0, SDL_GetCurrentDisplayOrientation, Video, Display, get_current_orientation, display_id @-> returning display_orientation, int -> display_orientation
3.2.0, SDL_GetCurrentRenderOutputSize, Render, Renderer, get_current_output_size, renderer @-> ptr int @-> ptr int @-> returning bool, renderer -> (int * int) result
3.2.0, SDL_GetCurrentThreadID, Thread, Thread, get_current_id, void @-> returning int64_as_ulong, unit -> int64
3.2.0, SDL_GetCurrentTime, Time, Time, get_current, ptr time @-> returning bool, unit -> int
3.2.0, SDL_GetCurrentVideoDriver, Video, Video, get_current_driver, void @-> returning string, unit -> string
3.2.0, SDL_GetCursor, Mouse, Cursor, get, void @-> returning (some_to_ok cursor_opt), unit -> (cursor option) result
3.2.0, SDL_GetDateTimeLocalePreferences, Time, Time, get_date_locale_preferences, ptr_opt date_format @-> ptr_opt time_format @-> returning true_to_ok, ptr_opt date_format -> ptr_opt time_format -> unit result
3.2.0, SDL_GetDayOfWeek, Time, , get_day_of_week, int @-> int @-> int @-> returning int, int -> int -> int -> int
3.2.0, SDL_GetDayOfYear, Time, , get_day_of_year, int @-> int @-> int @-> returning int, int -> int -> int -> int
3.2.0, SDL_GetDaysInMonth, Time, , get_days_in_month, int @-> int @-> returning int, int -> int -> int
3.2.0, SDL_GetDefaultAssertionHandler, Assert, Assertion, get_default_handler, void @-> returning assertion_handler, unit -> assertion_handler
3.2.0, SDL_GetDefaultCursor, Mouse, Cursor, get_default, void @-> returning (some_to_ok cursor_opt), unit -> (cursor option) result
3.2.0, SDL_GetDefaultLogOutputFunction, Log, Log, get_default_output_function, void @-> returning log_output_function, unit -> log_output_function
3.2.0, SDL_GetDesktopDisplayMode, Video, Display, get_desktop_mode, display_id @-> returning (some_to_ok display_mode_opt), int -> (display_mode option) result
3.2.0, SDL_GetDisplayBounds, Video, Display, get_bounds, display_id @-> ptr rect @-> returning true_to_ok, int -> ptr rect -> unit result
3.2.0, SDL_GetDisplayContentScale, Video, Display, get_content_scale, display_id @-> returning float, int -> float
3.2.0, SDL_GetDisplayForPoint, Video, Point, get_display_for, ptr point @-> returning int_as_uint, ptr point -> int
3.2.0, SDL_GetDisplayForRect, Video, Rect, get_display_for, ptr rect @-> returning int_as_uint, ptr rect -> int
3.2.0, SDL_GetDisplayForWindow, Video, Window, get_display_for, window @-> returning int_as_uint, window -> int
3.2.0, SDL_GetDisplayName, Video, Display, get_name, display_id @-> returning string, int -> string
3.2.0, SDL_GetDisplayProperties, Video, Display, get_properties, display_id @-> returning int_as_uint, int -> int
3.2.0, SDL_GetDisplayUsableBounds, Video, Display, get_usable_bounds, display_id @-> ptr rect @-> returning true_to_ok, int -> ptr rect -> unit result
3.2.0, SDL_GetDisplays, Video, , get_displays, ptr int @-> returning (ptr display_id), unit -> int list
3.2.0, SDL_GetEnvironment, Stdinc, Environment, get, void @-> returning (some_to_ok environment_opt), unit -> (environment option) result
3.2.0, SDL_GetEnvironmentVariable, Stdinc, Environment, get_variable, environment @-> string @-> returning string, environment -> string -> string
3.2.0, SDL_GetEnvironmentVariables, Stdinc, Environment, get_variables, environment @-> returning (ptr string), environment -> ptr string
3.2.0, SDL_GetError, Error, Error, get, void @-> returning string, unit -> string
3.2.0, SDL_GetEventFilter, Events, Event, get_filter, ptr event_filter @-> ptr (ptr void) @-> returning true_to_ok, ptr event_filter -> ptr (ptr void) -> unit result
3.2.0, SDL_GetFloatProperty, Properties, , get_float_property, properties_id @-> string @-> float @-> returning float, int -> string -> float -> float
3.2.0, SDL_GetFullscreenDisplayModes, Video, Display, get_fullscreen_modes, display_id @-> ptr int @-> returning (ptr display_mode), int -> display_mode list
3.2.0, SDL_GetGPUDeviceDriver, Gpu, GPUDevice, get_driver, gpu_device @-> returning string, gpu_device -> string
3.2.0, SDL_GetGPUDriver, Gpu, GPU, get_driver, int @-> returning string, int -> string
3.2.0, SDL_GetGPUShaderFormats, Gpu, GPU, get_shader_formats, gpu_device @-> returning int_as_uint, gpu_device -> int
3.2.0, SDL_GetGPUSwapchainTextureFormat, Gpu, GPU, get_swapchain_texture_format, gpu_device @-> window @-> returning gpu_texture_format, gpu_device -> window -> gpu_texture_format
3.2.0, SDL_GetGamepadAppleSFSymbolsNameForAxis, Gamepad, Gamepad, get_apple_sf_symbols_name_for_axis, gamepad @-> gamepad_axis @-> returning string, gamepad -> gamepad_axis -> string
3.2.0, SDL_GetGamepadAppleSFSymbolsNameForButton, Gamepad, Gamepad, get_apple_sf_symbols_name_for_button, gamepad @-> gamepad_button @-> returning string, gamepad -> gamepad_button -> string
3.2.0, SDL_GetGamepadAxis, Gamepad, Gamepad, get_axis, gamepad @-> gamepad_axis @-> returning sint16, gamepad -> gamepad_axis -> int
3.2.0, SDL_GetGamepadAxisFromString, Gamepad, Gamepad, get_axis_from_string, string @-> returning gamepad_axis, string -> gamepad_axis
3.2.0, SDL_GetGamepadBindings, Gamepad, Gamepad, get_bindings, gamepad @-> ptr int @-> returning (ptr (ptr gamepad_binding)), gamepad -> (ptr gamepad_binding) list
3.2.0, SDL_GetGamepadButton, Gamepad, Gamepad, get_button, gamepad @-> gamepad_button @-> returning true_to_ok, gamepad -> gamepad_button -> unit result
3.2.0, SDL_GetGamepadButtonFromString, Gamepad, Gamepad, get_button_from_string, string @-> returning gamepad_button, string -> gamepad_button
3.2.0, SDL_GetGamepadButtonLabel, Gamepad, Gamepad, get_button_label, gamepad @-> gamepad_button @-> returning gamepad_button_label, gamepad -> gamepad_button -> gamepad_button_label
3.2.0, SDL_GetGamepadButtonLabelForType, Gamepad, Gamepad, get_button_label_for_type, gamepad_type @-> gamepad_button @-> returning gamepad_button_label, gamepad_type -> gamepad_button -> gamepad_button_label
3.2.0, SDL_GetGamepadConnectionState, Gamepad, Gamepad, get_connection_state, gamepad @-> returning joystick_connection_state, gamepad -> joystick_connection_state
3.2.0, SDL_GetGamepadFirmwareVersion, Gamepad, Gamepad, get_firmware_version, gamepad @-> returning int_as_ushort, gamepad -> int
3.2.0, SDL_GetGamepadFromID, Gamepad, Gamepad, get_from_id, joystick_id @-> returning (some_to_ok gamepad_opt), int -> (gamepad option) result
3.2.0, SDL_GetGamepadFromPlayerIndex, Gamepad, Gamepad, get_from_player_index, int @-> returning (some_to_ok gamepad_opt), int -> (gamepad option) result
3.2.0, SDL_GetGamepadGUIDForID, Gamepad, GUID, get_gamepad_for_id, joystick_id @-> returning guid, int -> guid
3.2.0, SDL_GetGamepadID, Gamepad, Gamepad, get_id, gamepad @-> returning int_as_uint, gamepad -> int
3.2.0, SDL_GetGamepadJoystick, Gamepad, Gamepad, get_joystick, gamepad @-> returning (some_to_ok joystick_opt), gamepad -> (joystick option) result
3.2.0, SDL_GetGamepadMapping, Gamepad, Gamepad, get_mapping, gamepad @-> returning string, gamepad -> string
3.2.0, SDL_GetGamepadMappingForGUID, Gamepad, GUID, get_gamepad_mapping_for, guid @-> returning string, guid -> string
3.2.0, SDL_GetGamepadMappingForID, Gamepad, Gamepad, get_mapping_for_id, joystick_id @-> returning string, int -> string
3.2.0, SDL_GetGamepadMappings, Gamepad, Gamepad, get_mappings, ptr int @-> returning (ptr string), unit -> string list
3.2.0, SDL_GetGamepadName, Gamepad, Gamepad, get_name, gamepad @-> returning string, gamepad -> string
3.2.0, SDL_GetGamepadNameForID, Gamepad, Gamepad, get_name_for_id, joystick_id @-> returning string, int -> string
3.2.0, SDL_GetGamepadPath, Gamepad, Gamepad, get_path, gamepad @-> returning string, gamepad -> string
3.2.0, SDL_GetGamepadPathForID, Gamepad, Gamepad, get_path_for_id, joystick_id @-> returning string, int -> string
3.2.0, SDL_GetGamepadPlayerIndex, Gamepad, Gamepad, get_player_index, gamepad @-> returning int, gamepad -> int
3.2.0, SDL_GetGamepadPlayerIndexForID, Gamepad, Gamepad, get_player_index_for_id, joystick_id @-> returning int, int -> int
3.2.0, SDL_GetGamepadPowerInfo, Gamepad, Gamepad, get_power_info, gamepad @-> ptr int @-> returning power_state, gamepad -> int
3.2.0, SDL_GetGamepadProduct, Gamepad, Gamepad, get_product, gamepad @-> returning int_as_ushort, gamepad -> int
3.2.0, SDL_GetGamepadProductForID, Gamepad, Gamepad, get_product_for_id, joystick_id @-> returning int_as_ushort, int -> int
3.2.0, SDL_GetGamepadProductVersion, Gamepad, Gamepad, get_product_version, gamepad @-> returning int_as_ushort, gamepad -> int
3.2.0, SDL_GetGamepadProductVersionForID, Gamepad, Gamepad, get_product_version_for_id, joystick_id @-> returning int_as_ushort, int -> int
3.2.0, SDL_GetGamepadProperties, Gamepad, Gamepad, get_properties, gamepad @-> returning int_as_uint, gamepad -> int
3.2.0, SDL_GetGamepadSensorData, Gamepad, Gamepad, get_sensor_data, gamepad @-> sensor_type @-> ptr float @-> int @-> returning true_to_ok, gamepad -> sensor_type -> ptr float -> int -> unit result
3.2.0, SDL_GetGamepadSensorDataRate, Gamepad, Gamepad, get_sensor_data_rate, gamepad @-> sensor_type @-> returning float, gamepad -> sensor_type -> float
3.2.0, SDL_GetGamepadSerial, Gamepad, Gamepad, get_serial, gamepad @-> returning string, gamepad -> string
3.2.0, SDL_GetGamepadSteamHandle, Gamepad, Gamepad, get_steam_handle, gamepad @-> returning int64_as_ulong, gamepad -> int64
3.2.0, SDL_GetGamepadStringForAxis, Gamepad, Gamepad, get_string_for_axis, gamepad_axis @-> returning string, gamepad_axis -> string
3.2.0, SDL_GetGamepadStringForButton, Gamepad, Gamepad, get_string_for_button, gamepad_button @-> returning string, gamepad_button -> string
3.2.0, SDL_GetGamepadStringForType, Gamepad, Gamepad, get_string_for_type, gamepad_type @-> returning string, gamepad_type -> string
3.2.0, SDL_GetGamepadTouchpadFinger, Gamepad, Gamepad, get_touchpad_finger, gamepad @-> int @-> int @-> ptr_opt bool @-> ptr float @-> ptr float @-> ptr float @-> returning bool, gamepad -> int -> int -> ptr_opt bool -> (float * float * float) result
3.2.0, SDL_GetGamepadType, Gamepad, Gamepad, get_type, gamepad @-> returning gamepad_type, gamepad -> gamepad_type
3.2.0, SDL_GetGamepadTypeForID, Gamepad, Gamepad, get_type_for_id, joystick_id @-> returning gamepad_type, int -> gamepad_type
3.2.0, SDL_GetGamepadTypeFromString, Gamepad, Gamepad, get_type_from_string, string @-> returning gamepad_type, string -> gamepad_type
3.2.0, SDL_GetGamepadVendor, Gamepad, Gamepad, get_vendor, gamepad @-> returning int_as_ushort, gamepad -> int
3.2.0, SDL_GetGamepadVendorForID, Gamepad, Gamepad, get_vendor_for_id, joystick_id @-> returning int_as_ushort, int -> int
3.2.0, SDL_GetGamepads, Gamepad, Gamepad, gets, ptr int @-> returning (ptr joystick_id), unit -> int list
3.2.0, SDL_GetGlobalMouseState, Mouse, Mouse, get_global_state, ptr float @-> ptr float @-> returning int_as_uint, unit -> float * float
3.2.0, SDL_GetGlobalProperties, Properties, Properties, get_global, void @-> returning int_as_uint, unit -> int
3.2.0, SDL_GetGrabbedWindow, Video, Window, get_grabbed, void @-> returning (some_to_ok window_opt), unit -> (window option) result
3.2.0, SDL_GetHapticEffectStatus, Haptic, Haptic, get_effect_status, haptic @-> haptic_effect_id @-> returning true_to_ok, haptic -> haptic_effect_id (* int *) -> unit result
3.2.0, SDL_GetHapticFeatures, Haptic, Haptic, get_features, haptic @-> returning int_as_uint, haptic -> int
3.2.0, SDL_GetHapticFromID, Haptic, Haptic, get_from_id, haptic_id @-> returning (some_to_ok haptic_opt), int -> (haptic option) result
3.2.0, SDL_GetHapticID, Haptic, Haptic, get_id, haptic @-> returning int_as_uint, haptic -> int
3.2.0, SDL_GetHapticName, Haptic, Haptic, get_name, haptic @-> returning string, haptic -> string
3.2.0, SDL_GetHapticNameForID, Haptic, Haptic, get_name_for_id, haptic_id @-> returning string, int -> string
3.2.0, SDL_GetHaptics, Haptic, Haptic, gets, ptr int @-> returning (ptr haptic_id), unit -> int list
3.2.0, SDL_GetHint, Hints, Hint, get, string @-> returning string, string -> string
3.2.0, SDL_GetHintBoolean, Hints, Hint, get_boolean, string @-> bool @-> returning true_to_ok, string -> bool -> unit result
3.2.0, SDL_GetIOProperties, Iostream, , get_io_properties, io_stream @-> returning int_as_uint, io_stream -> int
3.2.0, SDL_GetIOSize, Iostream, , get_io_size, io_stream @-> returning sint64, io_stream -> int
3.2.0, SDL_GetIOStatus, Iostream, IOStatus, get, io_stream @-> returning io_status, io_stream -> io_status
3.2.0, SDL_GetJoystickAxis, Joystick, Joystick, get_axis, joystick @-> int @-> returning sint16, joystick -> int -> int
3.2.0, SDL_GetJoystickAxisInitialState, Joystick, Joystick, get_axis_initial_state, joystick @-> int @-> ptr sint16 @-> returning true_to_ok, joystick -> int -> ptr sint16 -> unit result
3.2.0, SDL_GetJoystickBall, Joystick, Joystick, get_ball, joystick @-> int @-> ptr int @-> ptr int @-> returning bool, joystick -> int -> (int * int) result
3.2.0, SDL_GetJoystickButton, Joystick, Joystick, get_button, joystick @-> int @-> returning true_to_ok, joystick -> int -> unit result
3.2.0, SDL_GetJoystickConnectionState, Joystick, Joystick, get_connection_state, joystick @-> returning joystick_connection_state, joystick -> joystick_connection_state
3.2.0, SDL_GetJoystickFirmwareVersion, Joystick, Joystick, get_firmware_version, joystick @-> returning int_as_ushort, joystick -> int
3.2.0, SDL_GetJoystickFromID, Joystick, Joystick, get_from_id, joystick_id @-> returning (some_to_ok joystick_opt), int -> (joystick option) result
3.2.0, SDL_GetJoystickFromPlayerIndex, Joystick, Joystick, get_from_player_index, int @-> returning (some_to_ok joystick_opt), int -> (joystick option) result
3.2.0, SDL_GetJoystickGUID, Joystick, Joystick, get_guid, joystick @-> returning guid, joystick -> guid
3.2.0, SDL_GetJoystickGUIDForID, Joystick, Joystick, get_guid_for_id, joystick_id @-> returning guid, int -> guid
3.2.0, SDL_GetJoystickGUIDInfo, Joystick, GUID, get_joystick_info, guid @-> ptr uint16 @-> ptr uint16 @-> ptr uint16 @-> ptr uint16 @-> returning void, guid -> int * int * int * int
3.2.0, SDL_GetJoystickHat, Joystick, Joystick, get_hat, joystick @-> int @-> returning int_as_uchar, joystick -> int -> int
3.2.0, SDL_GetJoystickID, Joystick, Joystick, get_id, joystick @-> returning int_as_uint, joystick -> int
3.2.0, SDL_GetJoystickName, Joystick, Joystick, get_name, joystick @-> returning string, joystick -> string
3.2.0, SDL_GetJoystickNameForID, Joystick, Joystick, get_name_for_id, joystick_id @-> returning string, int -> string
3.2.0, SDL_GetJoystickPath, Joystick, Joystick, get_path, joystick @-> returning string, joystick -> string
3.2.0, SDL_GetJoystickPathForID, Joystick, Joystick, get_path_for_id, joystick_id @-> returning string, int -> string
3.2.0, SDL_GetJoystickPlayerIndex, Joystick, Joystick, get_player_index, joystick @-> returning int, joystick -> int
3.2.0, SDL_GetJoystickPlayerIndexForID, Joystick, Joystick, get_player_index_for_id, joystick_id @-> returning int, int -> int
3.2.0, SDL_GetJoystickPowerInfo, Joystick, Joystick, get_power_info, joystick @-> ptr int @-> returning power_state, joystick -> int
3.2.0, SDL_GetJoystickProduct, Joystick, Joystick, get_product, joystick @-> returning int_as_ushort, joystick -> int
3.2.0, SDL_GetJoystickProductForID, Joystick, Joystick, get_product_for_id, joystick_id @-> returning int_as_ushort, int -> int
3.2.0, SDL_GetJoystickProductVersion, Joystick, Joystick, get_product_version, joystick @-> returning int_as_ushort, joystick -> int
3.2.0, SDL_GetJoystickProductVersionForID, Joystick, Joystick, get_product_version_for_id, joystick_id @-> returning int_as_ushort, int -> int
3.2.0, SDL_GetJoystickProperties, Joystick, Joystick, get_properties, joystick @-> returning int_as_uint, joystick -> int
3.2.0, SDL_GetJoystickSerial, Joystick, Joystick, get_serial, joystick @-> returning string, joystick -> string
3.2.0, SDL_GetJoystickType, Joystick, Joystick, get_type, joystick @-> returning joystick_type, joystick -> joystick_type
3.2.0, SDL_GetJoystickTypeForID, Joystick, Joystick, get_type_for_id, joystick_id @-> returning joystick_type, int -> joystick_type
3.2.0, SDL_GetJoystickVendor, Joystick, Joystick, get_vendor, joystick @-> returning int_as_ushort, joystick -> int
3.2.0, SDL_GetJoystickVendorForID, Joystick, Joystick, get_vendor_for_id, joystick_id @-> returning int_as_ushort, int -> int
3.2.0, SDL_GetJoysticks, Joystick, Joystick, gets, ptr int @-> returning (ptr joystick_id), unit -> int list
3.2.0, SDL_GetKeyFromName, Keyboard, , get_key_from_name, string @-> returning int_as_uint, string -> int
3.2.0, SDL_GetKeyFromScancode, Keyboard, Scancode, get_key_from, scancode @-> keymod @-> bool @-> returning int_as_uint, scancode -> int -> bool -> int
3.2.0, SDL_GetKeyName, Keyboard, , get_key_name, keycode @-> returning string, int -> string
3.2.0, SDL_GetKeyboardFocus, Keyboard, Keyboard, get_focus, void @-> returning (some_to_ok window_opt), unit -> (window option) result
3.2.0, SDL_GetKeyboardNameForID, Keyboard, Keyboard, get_name_for_id, keyboard_id @-> returning string, int -> string
3.2.0, SDL_GetKeyboardState, Keyboard, Keyboard, get_state, ptr int @-> returning (ptr bool), unit -> int
3.2.0, SDL_GetKeyboards, Keyboard, Keyboard, gets, ptr int @-> returning (ptr keyboard_id), unit -> int list
3.2.0, SDL_GetLogOutputFunction, Log, Log, get_output_function, ptr log_output_function @-> ptr (ptr void) @-> returning void, ptr log_output_function -> ptr (ptr void) -> unit
3.2.0, SDL_GetLogPriority, Log, Log, get_priority, int @-> returning log_priority, int -> log_priority
3.2.0, SDL_GetMasksForPixelFormat, Pixels, PixelFormat, get_masks_for, pixel_format @-> ptr int @-> ptr uint32 @-> ptr uint32 @-> ptr uint32 @-> ptr uint32 @-> returning bool, pixel_format -> (int * int * int * int * int) result
3.2.0, SDL_GetMaxHapticEffects, Haptic, Haptic, get_max_effects, haptic @-> returning int, haptic -> int
3.2.0, SDL_GetMaxHapticEffectsPlaying, Haptic, Haptic, get_max_effects_playing, haptic @-> returning int, haptic -> int
3.2.0, SDL_GetMemoryFunctions, Stdinc, , get_memory_functions, ptr malloc_func @-> ptr calloc_func @-> ptr realloc_func @-> ptr free_func @-> returning void, ptr malloc_func -> ptr calloc_func -> ptr realloc_func -> ptr free_func -> unit
3.2.0, SDL_GetMice, Mouse, , get_mice, ptr int @-> returning (ptr mouse_id), unit -> int list
3.2.0, SDL_GetModState, Keyboard, , get_mod_state, void @-> returning int_as_ushort, unit -> int
3.2.0, SDL_GetMouseFocus, Mouse, Mouse, get_focus, void @-> returning (some_to_ok window_opt), unit -> (window option) result
3.2.0, SDL_GetMouseNameForID, Mouse, Mouse, get_name_for_id, mouse_id @-> returning string, int -> string
3.2.0, SDL_GetMouseState, Mouse, Mouse, get_state, ptr float @-> ptr float @-> returning int_as_uint, unit -> float * float
3.2.0, SDL_GetNaturalDisplayOrientation, Video, Display, get_natural_orientation, display_id @-> returning display_orientation, int -> display_orientation
3.2.0, SDL_GetNumAllocations, Stdinc, , get_num_allocations, void @-> returning int, unit -> int
3.2.0, SDL_GetNumAudioDrivers, Audio, Audio, get_num_drivers, void @-> returning int, unit -> int
3.2.0, SDL_GetNumCameraDrivers, Camera, Camera, get_num_drivers, void @-> returning int, unit -> int
3.2.0, SDL_GetNumGPUDrivers, Gpu, GPU, get_num_drivers, void @-> returning int, unit -> int
3.2.0, SDL_GetNumGamepadTouchpadFingers, Gamepad, Gamepad, get_num_touchpad_fingers, gamepad @-> int @-> returning int, gamepad -> int -> int
3.2.0, SDL_GetNumGamepadTouchpads, Gamepad, Gamepad, get_num_touchpads, gamepad @-> returning int, gamepad -> int
3.2.0, SDL_GetNumHapticAxes, Haptic, Haptic, get_num_axes, haptic @-> returning int, haptic -> int
3.2.0, SDL_GetNumJoystickAxes, Joystick, Joystick, get_num_axes, joystick @-> returning int, joystick -> int
3.2.0, SDL_GetNumJoystickBalls, Joystick, Joystick, get_num_balls, joystick @-> returning int, joystick -> int
3.2.0, SDL_GetNumJoystickButtons, Joystick, Joystick, get_num_buttons, joystick @-> returning int, joystick -> int
3.2.0, SDL_GetNumJoystickHats, Joystick, Joystick, get_num_hats, joystick @-> returning int, joystick -> int
3.2.0, SDL_GetNumLogicalCPUCores, Cpuinfo, , get_num_logical_cpu_cores, void @-> returning int, unit -> int
3.2.0, SDL_GetNumRenderDrivers, Render, Renderer, get_num_drivers, void @-> returning int, unit -> int
3.2.0, SDL_GetNumVideoDrivers, Video, Video, get_num_drivers, void @-> returning int, unit -> int
3.2.0, SDL_GetNumberProperty, Properties, , get_number_property, properties_id @-> string @-> sint64 @-> returning sint64, int -> string -> int -> int
3.2.0, SDL_GetOriginalMemoryFunctions, Stdinc, , get_original_memory_functions, ptr malloc_func @-> ptr calloc_func @-> ptr realloc_func @-> ptr free_func @-> returning void, ptr malloc_func -> ptr calloc_func -> ptr realloc_func -> ptr free_func -> unit
3.2.0, SDL_GetPathInfo, Filesystem, , get_path_info, string @-> path_info_opt @-> returning true_to_ok, string -> path_info option -> unit result
3.2.0, SDL_GetPerformanceCounter, Timer, , get_performance_counter, void @-> returning int64_as_ulong, unit -> int64
3.2.0, SDL_GetPerformanceFrequency, Timer, , get_performance_frequency, void @-> returning int64_as_ulong, unit -> int64
3.2.0, SDL_GetPixelFormatDetails, Pixels, PixelFormat, get_details, pixel_format @-> returning (ptr pixel_format_details), pixel_format -> ptr pixel_format_details
3.2.0, SDL_GetPixelFormatForMasks, Pixels, PixelFormat, get_for_masks, int @-> uint32 @-> uint32 @-> uint32 @-> uint32 @-> returning pixel_format, int -> int -> int -> int -> int -> pixel_format
3.2.0, SDL_GetPixelFormatName, Pixels, PixelFormat, get_name, pixel_format @-> returning string, pixel_format -> string
3.2.0, SDL_GetPlatform, Platform, Platform, get, void @-> returning string, unit -> string
3.2.0, SDL_GetPointerProperty, Properties, , get_pointer_property, properties_id @-> string @-> ptr void @-> returning (ptr void), int -> string -> ptr void -> ptr void
3.2.0, SDL_GetPowerInfo, Power, Power, get_info, ptr int @-> ptr int @-> returning power_state, unit -> int * int
3.2.0, SDL_GetPrefPath, Filesystem, , get_pref_path, string @-> string @-> returning string, string -> string -> string
3.2.0, SDL_GetPreferredLocales, Locale, Locale, get_preferreds, ptr int @-> returning (ptr (ptr locale)), unit -> (ptr locale) list
3.2.0, SDL_GetPrimaryDisplay, Video, , get_primary_display, void @-> returning int_as_uint, unit -> int
3.2.0, SDL_GetPrimarySelectionText, Clipboard, , get_primary_selection_text, void @-> returning string, unit -> string
3.2.0, SDL_GetProcessInput, Process, Process, get_input, process @-> returning (some_to_ok io_stream_opt), process -> (io_stream option) result
3.2.0, SDL_GetProcessOutput, Process, Process, get_output, process @-> returning (some_to_ok io_stream_opt), process -> (io_stream option) result
3.2.0, SDL_GetProcessProperties, Process, Process, get_properties, process @-> returning int_as_uint, process -> int
3.2.0, SDL_GetPropertyType, Properties, Properties, get_property_type, properties_id @-> string @-> returning property_type, int -> string -> property_type
3.2.0, SDL_GetRGB, Pixels, , get_rgb, uint32 @-> ptr pixel_format_details @-> palette_opt @-> ptr uint8 @-> ptr uint8 @-> ptr uint8 @-> returning void, int -> ptr pixel_format_details -> palette option -> int * int * int
3.2.0, SDL_GetRGBA, Pixels, , get_rgba, uint32 @-> ptr pixel_format_details @-> palette_opt @-> ptr uint8 @-> ptr uint8 @-> ptr uint8 @-> ptr uint8 @-> returning void, int -> ptr pixel_format_details -> palette option -> int * int * int * int
3.2.0, SDL_GetRealGamepadType, Gamepad, Gamepad, get_real_type, gamepad @-> returning gamepad_type, gamepad -> gamepad_type
3.2.0, SDL_GetRealGamepadTypeForID, Gamepad, Gamepad, get_real_type_for_id, joystick_id @-> returning gamepad_type, int -> gamepad_type
3.2.0, SDL_GetRectAndLineIntersection, Rect, Rect, get_and_line_intersection, ptr rect @-> ptr int @-> ptr int @-> ptr int @-> ptr int @-> returning bool, ptr rect -> ptr int -> ptr int -> ptr int -> ptr int -> bool
3.2.0, SDL_GetRectAndLineIntersectionFloat, Rect, Rect, get_and_line_intersection_float, ptr f_rect @-> ptr float @-> ptr float @-> ptr float @-> ptr float @-> returning bool, ptr f_rect -> ptr float -> ptr float -> ptr float -> ptr float -> bool
3.2.0, SDL_GetRectEnclosingPoints, Rect, Point, get_rect_enclosings, ptr point @-> int @-> rect_opt @-> ptr rect @-> returning true_to_ok, point array -> rect option -> ptr rect -> unit result
3.2.0, SDL_GetRectEnclosingPointsFloat, Rect, Rect, get_enclosing_points_float, ptr f_point @-> int @-> f_rect_opt @-> ptr f_rect @-> returning true_to_ok, f_point array -> f_rect option -> ptr f_rect -> unit result
3.2.0, SDL_GetRectIntersection, Rect, Rect, get_intersection, ptr rect @-> ptr rect @-> ptr rect @-> returning true_to_ok, ptr rect -> ptr rect -> ptr rect -> unit result
3.2.0, SDL_GetRectIntersectionFloat, Rect, Rect, get_intersection_float, ptr f_rect @-> ptr f_rect @-> ptr f_rect @-> returning true_to_ok, ptr f_rect -> ptr f_rect -> ptr f_rect -> unit result
3.2.0, SDL_GetRectUnion, Rect, Rect, get_union, ptr rect @-> ptr rect @-> ptr rect @-> returning true_to_ok, ptr rect -> ptr rect -> ptr rect -> unit result
3.2.0, SDL_GetRectUnionFloat, Rect, Rect, get_union_float, ptr f_rect @-> ptr f_rect @-> ptr f_rect @-> returning true_to_ok, ptr f_rect -> ptr f_rect -> ptr f_rect -> unit result
3.2.0, SDL_GetRelativeMouseState, Mouse, Mouse, get_relative_state, ptr float @-> ptr float @-> returning int_as_uint, unit -> float * float
3.2.0, SDL_GetRenderClipRect, Render, Renderer, get_clip_rect, renderer @-> ptr rect @-> returning true_to_ok, renderer -> ptr rect -> unit result
3.2.0, SDL_GetRenderColorScale, Render, Renderer, get_color_scale, renderer @-> ptr float @-> returning bool, renderer -> float
3.2.0, SDL_GetRenderDrawBlendMode, Render, Renderer, get_draw_blend_mode, renderer @-> ptr blend_mode @-> returning true_to_ok, renderer -> ptr blend_mode -> unit result
3.2.0, SDL_GetRenderDrawColor, Render, Renderer, get_draw_color, renderer @-> ptr uint8 @-> ptr uint8 @-> ptr uint8 @-> ptr uint8 @-> returning bool, renderer -> (int * int * int * int) result
3.2.0, SDL_GetRenderDrawColorFloat, Render, Renderer, get_draw_color_float, renderer @-> ptr float @-> ptr float @-> ptr float @-> ptr float @-> returning bool, renderer -> (float * float * float * float) result
3.2.0, SDL_GetRenderDriver, Render, Renderer, get_driver, int @-> returning string, int -> string
3.2.0, SDL_GetRenderLogicalPresentation, Render, Renderer, get_logical_presentation, renderer @-> ptr int @-> ptr int @-> ptr renderer_logical_presentation @-> returning bool, renderer -> (int * int * renderer_logical_presentation) result
3.2.0, SDL_GetRenderLogicalPresentationRect, Render, Renderer, get_logical_presentation_rect, renderer @-> f_rect_opt @-> returning true_to_ok, renderer -> f_rect option -> unit result
3.2.0, SDL_GetRenderMetalCommandEncoder, Render, Renderer, get_metal_command_encoder, renderer @-> returning (ptr void), renderer -> ptr void
3.2.0, SDL_GetRenderMetalLayer, Render, Renderer, get_metal_layer, renderer @-> returning (ptr void), renderer -> ptr void
3.2.0, SDL_GetRenderOutputSize, Render, Renderer, get_output_size, renderer @-> ptr int @-> ptr int @-> returning bool, renderer -> (int * int) result
3.2.0, SDL_GetRenderSafeArea, Render, Renderer, get_safe_area, renderer @-> ptr rect @-> returning true_to_ok, renderer -> ptr rect -> unit result
3.2.0, SDL_GetRenderScale, Render, Renderer, get_scale, renderer @-> ptr float @-> ptr float @-> returning bool, renderer -> (float * float) result
3.2.0, SDL_GetRenderTarget, Render, Renderer, get_target, renderer @-> returning (some_to_ok texture_opt), renderer -> (texture option) result
3.2.0, SDL_GetRenderVSync, Render, Renderer, get_v_sync, renderer @-> ptr int @-> returning bool, renderer -> int
3.2.0, SDL_GetRenderViewport, Render, Renderer, get_viewport, renderer @-> ptr rect @-> returning true_to_ok, renderer -> ptr rect -> unit result
3.2.0, SDL_GetRenderWindow, Render, Window, get_render, renderer @-> returning (some_to_ok window_opt), renderer -> (window option) result
3.2.0, SDL_GetRenderer, Render, Renderer, get, window @-> returning (some_to_ok renderer_opt), window -> (renderer option) result
3.2.0, SDL_GetRendererFromTexture, Render, Renderer, get_from_texture, texture @-> returning (some_to_ok renderer_opt), texture -> (renderer option) result
3.2.0, SDL_GetRendererName, Render, Renderer, get_name, renderer @-> returning string, renderer -> string
3.2.0, SDL_GetRendererProperties, Render, Renderer, get_properties, renderer @-> returning int_as_uint, renderer -> int
3.2.0, SDL_GetRevision, Version, , get_revision, void @-> returning string, unit -> string
3.2.0, SDL_GetSIMDAlignment, Cpuinfo, , get_simd_alignment, void @-> returning size_t, unit -> int
3.2.0, SDL_GetSandbox, System, Sandbox, get, void @-> returning sandbox, unit -> sandbox
3.2.0, SDL_GetScancodeFromKey, Keyboard, Scancode, get_from_key, keycode @-> ptr_opt keymod @-> returning scancode, int -> ptr_opt keymod -> scancode
3.2.0, SDL_GetScancodeFromName, Keyboard, Scancode, get_from_name, string @-> returning scancode, string -> scancode
3.2.0, SDL_GetScancodeName, Keyboard, Scancode, get_name, scancode @-> returning string, scancode -> string
3.2.0, SDL_GetSemaphoreValue, Mutex, Semaphore, get_value, semaphore @-> returning int_as_uint, semaphore -> int
3.2.0, SDL_GetSensorData, Sensor, Sensor, get_data, sensor @-> ptr float @-> int @-> returning true_to_ok, sensor -> ptr float -> int -> unit result
3.2.0, SDL_GetSensorFromID, Sensor, Sensor, get_from_id, sensor_id @-> returning (some_to_ok sensor_opt), int -> (sensor option) result
3.2.0, SDL_GetSensorID, Sensor, Sensor, get_id, sensor @-> returning int_as_uint, sensor -> int
3.2.0, SDL_GetSensorName, Sensor, Sensor, get_name, sensor @-> returning string, sensor -> string
3.2.0, SDL_GetSensorNameForID, Sensor, Sensor, get_name_for_id, sensor_id @-> returning string, int -> string
3.2.0, SDL_GetSensorNonPortableType, Sensor, Sensor, get_non_portable_type, sensor @-> returning int, sensor -> int
3.2.0, SDL_GetSensorNonPortableTypeForID, Sensor, Sensor, get_non_portable_type_for_id, sensor_id @-> returning int, int -> int
3.2.0, SDL_GetSensorProperties, Sensor, Sensor, get_properties, sensor @-> returning int_as_uint, sensor -> int
3.2.0, SDL_GetSensorType, Sensor, Sensor, get_type, sensor @-> returning sensor_type, sensor -> sensor_type
3.2.0, SDL_GetSensorTypeForID, Sensor, Sensor, get_type_for_id, sensor_id @-> returning sensor_type, int -> sensor_type
3.2.0, SDL_GetSensors, Sensor, Sensor, gets, ptr int @-> returning (ptr sensor_id), unit -> int list
3.2.0, SDL_GetSilenceValueForFormat, Audio, , get_silence_value_for_format, audio_format @-> returning int, audio_format -> int
3.2.0, SDL_GetStorageFileSize, Storage, Storage, get_file_size, storage @-> string @-> ptr uint64 @-> returning bool, storage -> string -> int64
3.2.0, SDL_GetStoragePathInfo, Storage, Storage, get_path_info, storage @-> string @-> path_info_opt @-> returning true_to_ok, storage -> string -> path_info option -> unit result
3.2.0, SDL_GetStorageSpaceRemaining, Storage, Storage, get_space_remaining, storage @-> returning int64_as_ulong, storage -> int64
3.2.0, SDL_GetStringProperty, Properties, , get_string_property, properties_id @-> string @-> string @-> returning string, int -> string -> string -> string
3.2.0, SDL_GetSurfaceAlphaMod, Surface, Surface, get_alpha_mod, surface @-> ptr uint8 @-> returning bool, surface -> int
3.2.0, SDL_GetSurfaceBlendMode, Surface, Surface, get_blend_mode, surface @-> ptr blend_mode @-> returning true_to_ok, surface -> ptr blend_mode -> unit result
3.2.0, SDL_GetSurfaceClipRect, Surface, Surface, get_clip_rect, surface @-> ptr rect @-> returning true_to_ok, surface -> ptr rect -> unit result
3.2.0, SDL_GetSurfaceColorKey, Surface, Surface, get_color_key, surface @-> ptr uint32 @-> returning bool, surface -> int
3.2.0, SDL_GetSurfaceColorMod, Surface, Surface, get_color_mod, surface @-> ptr uint8 @-> ptr uint8 @-> ptr uint8 @-> returning bool, surface -> (int * int * int) result
3.2.0, SDL_GetSurfaceColorspace, Surface, Surface, get_colorspace, surface @-> returning colorspace, surface -> colorspace
3.2.0, SDL_GetSurfaceImages, Surface, Surface, get_images, surface @-> ptr int @-> returning (ptr surface), surface -> surface list
3.2.0, SDL_GetSurfacePalette, Surface, Surface, get_palette, surface @-> returning (some_to_ok palette_opt), surface -> (palette option) result
3.2.0, SDL_GetSurfaceProperties, Surface, Surface, get_properties, surface @-> returning int_as_uint, surface -> int
3.2.0, SDL_GetSystemRAM, Cpuinfo, , get_system_ram, void @-> returning int, unit -> int
3.2.0, SDL_GetSystemTheme, Video, SystemTheme, get, void @-> returning system_theme, unit -> system_theme
3.2.0, SDL_GetTLS, Thread, , get_tls, ptr_opt tlsid @-> returning (ptr void), ptr_opt tlsid -> ptr void
3.2.0, SDL_GetTextInputArea, Keyboard, , get_text_input_area, window @-> rect_opt @-> ptr int @-> returning bool, window -> rect option -> int
3.2.0, SDL_GetTextureAlphaMod, Render, Texture, get_alpha_mod, texture @-> ptr uint8 @-> returning bool, texture -> int
3.2.0, SDL_GetTextureAlphaModFloat, Render, Texture, get_alpha_mod_float, texture @-> ptr float @-> returning bool, texture -> float
3.2.0, SDL_GetTextureBlendMode, Render, Texture, get_blend_mode, texture @-> ptr blend_mode @-> returning true_to_ok, texture -> ptr blend_mode -> unit result
3.2.0, SDL_GetTextureColorMod, Render, Texture, get_color_mod, texture @-> ptr uint8 @-> ptr uint8 @-> ptr uint8 @-> returning bool, texture -> (int * int * int) result
3.2.0, SDL_GetTextureColorModFloat, Render, Texture, get_color_mod_float, texture @-> ptr float @-> ptr float @-> ptr float @-> returning bool, texture -> (float * float * float) result
3.2.0, SDL_GetTextureProperties, Render, Texture, get_properties, texture @-> returning int_as_uint, texture -> int
3.2.0, SDL_GetTextureScaleMode, Render, Texture, get_scale_mode, texture @-> ptr scale_mode @-> returning true_to_ok, texture -> ptr scale_mode -> unit result
3.2.0, SDL_GetTextureSize, Render, Texture, get_size, texture @-> ptr float @-> ptr float @-> returning bool, texture -> (float * float) result
3.2.0, SDL_GetThreadID, Thread, Thread, get_id, thread @-> returning int64_as_ulong, thread -> int64
3.2.0, SDL_GetThreadName, Thread, Thread, get_name, thread @-> returning string, thread -> string
3.2.0, SDL_GetThreadState, Thread, Thread, get_state, thread @-> returning thread_state, thread -> thread_state
3.2.0, SDL_GetTicks, Timer, , get_ticks, void @-> returning int64_as_ulong, unit -> int64
3.2.0, SDL_GetTicksNS, Timer, , get_ticks_ns, void @-> returning int64_as_ulong, unit -> int64
3.2.0, SDL_GetTouchDeviceName, Touch, Touch, get_device_name, touch_id @-> returning string, int64 -> string
3.2.0, SDL_GetTouchDeviceType, Touch, Touch, get_device_type, touch_id @-> returning touch_device_type, int64 -> touch_device_type
3.2.0, SDL_GetTouchDevices, Touch, Touch, get_devices, ptr int @-> returning (ptr touch_id), unit -> int64 list
3.2.0, SDL_GetTouchFingers, Touch, Touch, get_fingers, touch_id @-> ptr int @-> returning (ptr (ptr finger)), int64 -> (ptr finger) list
3.2.0, SDL_GetTrayEntries, Tray, Tray, get_entries, tray_menu @-> ptr int @-> returning (ptr tray_entry), tray_menu -> int
3.2.0, SDL_GetTrayEntryChecked, Tray, Tray, get_entry_checked, tray_entry @-> returning true_to_ok, tray_entry -> unit result
3.2.0, SDL_GetTrayEntryEnabled, Tray, Tray, get_entry_enabled, tray_entry @-> returning bool, tray_entry -> bool
3.2.0, SDL_GetTrayEntryLabel, Tray, Tray, get_entry_label, tray_entry @-> returning string, tray_entry -> string
3.2.0, SDL_GetTrayEntryParent, Tray, Tray, get_entry_parent, tray_entry @-> returning (some_to_ok tray_menu_opt), tray_entry -> (tray_menu option) result
3.2.0, SDL_GetTrayMenu, Tray, Tray, get_menu, tray @-> returning (some_to_ok tray_menu_opt), tray -> (tray_menu option) result
3.2.0, SDL_GetTrayMenuParentEntry, Tray, Tray, get_menu_parent_entry, tray_menu @-> returning (some_to_ok tray_entry_opt), tray_menu -> (tray_entry option) result
3.2.0, SDL_GetTrayMenuParentTray, Tray, Tray, get_menu_parent_tray, tray_menu @-> returning (some_to_ok tray_opt), tray_menu -> (tray option) result
3.2.0, SDL_GetTraySubmenu, Tray, Tray, get_submenu, tray_entry @-> returning (some_to_ok tray_menu_opt), tray_entry -> (tray_menu option) result
3.2.0, SDL_GetUserFolder, Filesystem, Folder, get_user, folder @-> returning string, folder -> string
3.2.0, SDL_GetVersion, Version, Version, get, void @-> returning int, unit -> int
3.2.0, SDL_GetVideoDriver, Video, Video, get_driver, int @-> returning string, int -> string
3.2.0, SDL_GetWindowAspectRatio, Video, Window, get_aspect_ratio, window @-> ptr float @-> ptr float @-> returning bool, window -> (float * float) result
3.2.0, SDL_GetWindowBordersSize, Video, Window, get_borders_size, window @-> ptr int @-> ptr int @-> ptr int @-> ptr int @-> returning bool, window -> (int * int * int * int) result
3.2.0, SDL_GetWindowDisplayScale, Video, Window, get_display_scale, window @-> returning float, window -> float
3.2.0, SDL_GetWindowFlags, Video, Window, get_flags, window @-> returning int64_as_ulong, window -> int64
3.2.0, SDL_GetWindowFromEvent, Events, Window, get_from_event, event @-> returning (some_to_ok window_opt), event -> (window option) result
3.2.0, SDL_GetWindowFromID, Video, Window, get_from_id, window_id @-> returning (some_to_ok window_opt), int -> (window option) result
3.2.0, SDL_GetWindowFullscreenMode, Video, Window, get_fullscreen_mode, window @-> returning (some_to_ok display_mode_opt), window -> (display_mode option) result
3.2.0, SDL_GetWindowICCProfile, Video, Window, get_icc_profile, window @-> ptr size_t @-> returning (ptr void), window -> ptr size_t -> ptr void
3.2.0, SDL_GetWindowID, Video, Window, get_id, window @-> returning int_as_uint, window -> int
3.2.0, SDL_GetWindowKeyboardGrab, Video, Window, get_keyboard_grab, window @-> returning true_to_ok, window -> unit result
3.2.0, SDL_GetWindowMaximumSize, Video, Window, get_maximum_size, window @-> ptr int @-> ptr int @-> returning bool, window -> (int * int) result
3.2.0, SDL_GetWindowMinimumSize, Video, Window, get_minimum_size, window @-> ptr int @-> ptr int @-> returning bool, window -> (int * int) result
3.2.0, SDL_GetWindowMouseGrab, Video, Window, get_mouse_grab, window @-> returning true_to_ok, window -> unit result
3.2.0, SDL_GetWindowMouseRect, Video, Window, get_mouse_rect, window @-> returning (ptr rect), window -> ptr rect
3.2.0, SDL_GetWindowOpacity, Video, Window, get_opacity, window @-> returning float, window -> float
3.2.0, SDL_GetWindowParent, Video, Window, get_parent, window @-> returning (some_to_ok window_opt), window -> (window option) result
3.2.0, SDL_GetWindowPixelDensity, Video, Window, get_pixel_density, window @-> returning float, window -> float
3.2.0, SDL_GetWindowPixelFormat, Video, Window, get_pixel_format, window @-> returning pixel_format, window -> pixel_format
3.2.0, SDL_GetWindowPosition, Video, Window, get_position, window @-> ptr int @-> ptr int @-> returning bool, window -> (int * int) result
3.2.0, SDL_GetWindowProperties, Video, Window, get_properties, window @-> returning int_as_uint, window -> int
3.2.0, SDL_GetWindowRelativeMouseMode, Mouse, Window, get_relative_mouse_mode, window @-> returning true_to_ok, window -> unit result
3.2.0, SDL_GetWindowSafeArea, Video, Window, get_safe_area, window @-> ptr rect @-> returning true_to_ok, window -> ptr rect -> unit result
3.2.0, SDL_GetWindowSize, Video, Window, get_size, window @-> ptr int @-> ptr int @-> returning bool, window -> (int * int) result
3.2.0, SDL_GetWindowSizeInPixels, Video, Window, get_size_in_pixels, window @-> ptr int @-> ptr int @-> returning bool, window -> (int * int) result
3.2.0, SDL_GetWindowSurface, Video, Window, get_surface, window @-> returning (some_to_ok surface_opt), window -> (surface option) result
3.2.0, SDL_GetWindowSurfaceVSync, Video, Window, get_surface_v_sync, window @-> ptr int @-> returning bool, window -> int
3.2.0, SDL_GetWindowTitle, Video, Window, get_title, window @-> returning string, window -> string
3.2.0, SDL_GetWindows, Video, , get_windows, ptr int @-> returning (ptr window), unit -> window list
3.2.0, SDL_GlobDirectory, Filesystem, , glob_directory, string @-> string @-> glob_flags @-> ptr int @-> returning (ptr string), string -> string -> int -> string list
3.2.0, SDL_GlobStorageDirectory, Storage, Storage, glob_directory, storage @-> string @-> string @-> glob_flags @-> ptr int @-> returning (ptr string), storage -> string -> string -> int -> string list
3.2.0, SDL_HapticEffectSupported, Haptic, Haptic, effect_supported, haptic @-> ptr haptic_effect @-> returning true_to_ok, haptic -> ptr haptic_effect -> unit result
3.2.0, SDL_HapticRumbleSupported, Haptic, Haptic, rumble_supported, haptic @-> returning true_to_ok, haptic -> unit result
3.2.0, SDL_HasARMSIMD, Cpuinfo, , has_armsimd, void @-> returning bool, unit -> bool
3.2.0, SDL_HasAVX, Cpuinfo, , has_avx, void @-> returning bool, unit -> bool
3.2.0, SDL_HasAVX2, Cpuinfo, , has_avx2, void @-> returning bool, unit -> bool
3.2.0, SDL_HasAVX512F, Cpuinfo, , has_avx512_f, void @-> returning bool, unit -> bool
3.2.0, SDL_HasAltiVec, Cpuinfo, , has_alti_vec, void @-> returning bool, unit -> bool
3.2.0, SDL_HasClipboardData, Clipboard, Clipboard, has_data, string @-> returning bool, string -> bool
3.2.0, SDL_HasClipboardText, Clipboard, Clipboard, has_text, void @-> returning bool, unit -> bool
3.2.0, SDL_HasEvent, Events, Event, has, uint32 @-> returning true_to_ok, int -> unit result
3.2.0, SDL_HasEvents, Events, Event, hass, uint32 @-> uint32 @-> returning true_to_ok, int -> int -> unit result
3.2.0, SDL_HasGamepad, Gamepad, Gamepad, has, void @-> returning true_to_ok, unit -> unit result
3.2.0, SDL_HasJoystick, Joystick, Joystick, has, void @-> returning true_to_ok, unit -> unit result
3.2.0, SDL_HasKeyboard, Keyboard, Keyboard, has, void @-> returning true_to_ok, unit -> unit result
3.2.0, SDL_HasLASX, Cpuinfo, , has_lasx, void @-> returning bool, unit -> bool
3.2.0, SDL_HasLSX, Cpuinfo, , has_lsx, void @-> returning bool, unit -> bool
3.2.0, SDL_HasMMX, Cpuinfo, , has_mmx, void @-> returning bool, unit -> bool
3.2.0, SDL_HasMouse, Mouse, Mouse, has, void @-> returning true_to_ok, unit -> unit result
3.2.0, SDL_HasNEON, Cpuinfo, , has_neon, void @-> returning bool, unit -> bool
3.2.0, SDL_HasPrimarySelectionText, Clipboard, , has_primary_selection_text, void @-> returning bool, unit -> bool
3.2.0, SDL_HasProperty, Properties, , has_property, properties_id @-> string @-> returning bool, int -> string -> bool
3.2.0, SDL_HasRectIntersection, Rect, Rect, has_intersection, ptr rect @-> ptr rect @-> returning bool, ptr rect -> ptr rect -> bool
3.2.0, SDL_HasRectIntersectionFloat, Rect, Rect, has_intersection_float, ptr f_rect @-> ptr f_rect @-> returning bool, ptr f_rect -> ptr f_rect -> bool
3.2.0, SDL_HasSSE, Cpuinfo, , has_sse, void @-> returning bool, unit -> bool
3.2.0, SDL_HasSSE2, Cpuinfo, , has_sse2, void @-> returning bool, unit -> bool
3.2.0, SDL_HasSSE3, Cpuinfo, , has_sse3, void @-> returning bool, unit -> bool
3.2.0, SDL_HasSSE41, Cpuinfo, , has_sse41, void @-> returning bool, unit -> bool
3.2.0, SDL_HasSSE42, Cpuinfo, , has_sse42, void @-> returning bool, unit -> bool
3.2.0, SDL_HasScreenKeyboardSupport, Keyboard, Keyboard, has_screen_support, void @-> returning bool, unit -> bool
3.2.0, SDL_HideCursor, Mouse, , hide_cursor, void @-> returning true_to_ok, unit -> unit result
3.2.0, SDL_HideWindow, Video, Window, hide, window @-> returning true_to_ok, window -> unit result
3.2.0, SDL_IOFromConstMem, Iostream, , io_from_const_mem, ptr void @-> size_t @-> returning (some_to_ok io_stream_opt), ptr void -> int -> (io_stream option) result
3.2.0, SDL_IOFromDynamicMem, Iostream, , io_from_dynamic_mem, void @-> returning (some_to_ok io_stream_opt), unit -> (io_stream option) result
3.2.0, SDL_IOFromFile, Iostream, , io_from_file, string @-> string @-> returning (some_to_ok io_stream_opt), string -> string -> (io_stream option) result
3.2.0, SDL_IOFromMem, Iostream, , io_from_mem, ptr void @-> size_t @-> returning (some_to_ok io_stream_opt), ptr void -> int -> (io_stream option) result
3.2.0, SDL_Init, Init, , init, init_flags @-> returning true_to_ok, int -> unit result
3.2.0, SDL_InitHapticRumble, Haptic, Haptic, init_rumble, haptic @-> returning true_to_ok, haptic -> unit result
3.2.0, SDL_InitSubSystem, Init, , init_sub_system, init_flags @-> returning true_to_ok, int -> unit result
3.2.0, SDL_InsertGPUDebugLabel, Gpu, GPU, insert_debug_label, gpu_command_buffer @-> string @-> returning void, gpu_command_buffer -> string -> unit
3.2.0, SDL_InsertTrayEntryAt, Tray, Tray, insert_entry_at, tray_menu @-> int @-> string @-> tray_entry_flags @-> returning (some_to_ok tray_entry_opt), tray_menu -> int -> string -> int -> (tray_entry option) result
3.2.0, SDL_IsAudioDevicePhysical, Audio, AudioDevice, is_physical, audio_device_id @-> returning bool, int -> bool
3.2.0, SDL_IsAudioDevicePlayback, Audio, AudioDevice, is_playback, audio_device_id @-> returning bool, int -> bool
3.2.0, SDL_IsGamepad, Gamepad, Gamepad, is, joystick_id @-> returning true_to_ok, int -> unit result
3.2.0, SDL_IsJoystickHaptic, Haptic, Joystick, is_haptic, joystick @-> returning bool, joystick -> bool
3.2.0, SDL_IsJoystickVirtual, Joystick, Joystick, is_virtual, joystick_id @-> returning bool, int -> bool
3.2.0, SDL_IsMainThread, Init, , is_main_thread, void @-> returning bool, unit -> bool
3.2.0, SDL_IsMouseHaptic, Haptic, Haptic, is_mouse, void @-> returning bool, unit -> bool
3.2.0, SDL_IsTV, System, , is_tv, void @-> returning bool, unit -> bool
3.2.0, SDL_IsTablet, System, , is_tablet, void @-> returning bool, unit -> bool
3.2.0, SDL_JoystickConnected, Joystick, Joystick, connected, joystick @-> returning true_to_ok, joystick -> unit result
3.2.0, SDL_JoystickEventsEnabled, Joystick, Joystick, events_enabled, void @-> returning bool, unit -> bool
3.2.0, SDL_KillProcess, Process, Process, kill, process @-> bool @-> returning true_to_ok, process -> bool -> unit result
3.2.0, SDL_LoadBMP, Surface, , load_bmp, string @-> returning (some_to_ok surface_opt), string -> (surface option) result
3.2.0, SDL_LoadBMP_IO, Surface, , load_bmp_io, io_stream @-> bool @-> returning (some_to_ok surface_opt), io_stream -> bool -> (surface option) result
3.2.0, SDL_LoadFile, Iostream, , load_file, string @-> ptr_opt size_t @-> returning (ptr void), string -> ptr_opt size_t -> ptr void
3.2.0, SDL_LoadFileAsync, Asyncio, , load_file_async, string @-> async_io_queue @-> ptr void @-> returning true_to_ok, string -> async_io_queue -> ptr void -> unit result
3.2.0, SDL_LoadFile_IO, Iostream, , load_file_io, io_stream @-> ptr_opt size_t @-> bool @-> returning (ptr void), io_stream -> ptr_opt size_t -> bool -> ptr void
3.2.0, SDL_LoadFunction, Loadso, , load_function, shared_object @-> string @-> returning function_pointer, shared_object -> string -> function_pointer
3.2.0, SDL_LoadObject, Loadso, , load_object, string @-> returning (some_to_ok shared_object_opt), string -> (shared_object option) result
3.2.0, SDL_LoadWAV, Audio, , load_wav, string @-> audio_spec @-> ptr (ptr uint8) @-> ptr uint32 @-> returning bool, string -> audio_spec -> ptr (ptr uint8) -> ptr uint32 -> bool
3.2.0, SDL_LoadWAV_IO, Audio, , load_wav_io, io_stream @-> bool @-> audio_spec @-> ptr (ptr uint8) @-> ptr uint32 @-> returning bool, io_stream -> bool -> audio_spec -> ptr (ptr uint8) -> int
3.2.0, SDL_LockAudioStream, Audio, AudioStream, lock, audio_stream @-> returning true_to_ok, audio_stream -> unit result
3.2.0, SDL_LockJoysticks, Joystick, Joystick, locks, void @-> returning void, unit -> unit
3.2.0, SDL_LockMutex, Mutex, Mutex, lock, mutex @-> returning void, mutex -> unit
3.2.0, SDL_LockProperties, Properties, Properties, lock, properties_id @-> returning true_to_ok, int -> unit result
3.2.0, SDL_LockRWLockForReading, Mutex, RWLock, lock_for_reading, rw_lock @-> returning void, rw_lock -> unit
3.2.0, SDL_LockRWLockForWriting, Mutex, RWLock, lock_for_writing, rw_lock @-> returning void, rw_lock -> unit
3.2.0, SDL_LockSpinlock, Atomic, , lock_spinlock, ptr spin_lock @-> returning void, ptr spin_lock -> unit
3.2.0, SDL_LockSurface, Surface, Surface, lock, surface @-> returning true_to_ok, surface -> unit result
3.2.0, SDL_LockTexture, Render, Texture, lock, texture @-> rect_opt @-> ptr (ptr void) @-> ptr int @-> returning bool, texture -> rect option -> ptr (ptr void) -> int
3.2.0, SDL_LockTextureToSurface, Render, Texture, lock_to_surface, texture @-> rect_opt @-> ptr surface @-> returning true_to_ok, texture -> rect option -> ptr surface -> unit result
3.2.0, SDL_MapGPUTransferBuffer, Gpu, GPU, map_transfer_buffer, gpu_device @-> gpu_transfer_buffer @-> bool @-> returning (ptr void), gpu_device -> gpu_transfer_buffer -> bool -> ptr void
3.2.0, SDL_MapRGB, Pixels, , map_rgb, ptr pixel_format_details @-> palette_opt @-> uint8 @-> uint8 @-> uint8 @-> returning int_as_uint, ptr pixel_format_details -> palette option -> int -> int -> int -> int
3.2.0, SDL_MapRGBA, Pixels, , map_rgba, ptr pixel_format_details @-> palette_opt @-> uint8 @-> uint8 @-> uint8 @-> uint8 @-> returning int_as_uint, ptr pixel_format_details -> palette option -> int -> int -> int -> int -> int
3.2.0, SDL_MapSurfaceRGB, Surface, Surface, map_rgb, surface @-> uint8 @-> uint8 @-> uint8 @-> returning int_as_uint, surface -> int -> int -> int -> int
3.2.0, SDL_MapSurfaceRGBA, Surface, Surface, map_rgba, surface @-> uint8 @-> uint8 @-> uint8 @-> uint8 @-> returning int_as_uint, surface -> int -> int -> int -> int -> int
3.2.0, SDL_MaximizeWindow, Video, Window, maximize, window @-> returning true_to_ok, window -> unit result
3.2.0, SDL_MemoryBarrierAcquireFunction, Atomic, , memory_barrier_acquire_function, void @-> returning void, unit -> unit
3.2.0, SDL_MemoryBarrierReleaseFunction, Atomic, , memory_barrier_release_function, void @-> returning void, unit -> unit
3.2.0, SDL_Metal_CreateView, Metal, Metal, _create_view, window @-> returning metal_view, window -> metal_view
3.2.0, SDL_Metal_DestroyView, Metal, Metal, _destroy_view, metal_view @-> returning void, metal_view -> unit
3.2.0, SDL_Metal_GetLayer, Metal, Metal, _get_layer, metal_view @-> returning (ptr void), metal_view -> ptr void
3.2.0, SDL_MinimizeWindow, Video, Window, minimize, window @-> returning true_to_ok, window -> unit result
3.2.0, SDL_MixAudio, Audio, Audio, mix, ptr uint8 @-> ptr uint8 @-> audio_format @-> uint32 @-> float @-> returning true_to_ok, ptr uint8 -> ptr uint8 -> audio_format -> int -> float -> unit result
3.2.0, SDL_OnApplicationDidEnterBackground, System, , on_application_did_enter_background, void @-> returning void, unit -> unit
3.2.0, SDL_OnApplicationDidEnterForeground, System, , on_application_did_enter_foreground, void @-> returning void, unit -> unit
3.2.0, SDL_OnApplicationDidReceiveMemoryWarning, System, , on_application_did_receive_memory_warning, void @-> returning void, unit -> unit
3.2.0, SDL_OnApplicationWillEnterBackground, System, , on_application_will_enter_background, void @-> returning void, unit -> unit
3.2.0, SDL_OnApplicationWillEnterForeground, System, , on_application_will_enter_foreground, void @-> returning void, unit -> unit
3.2.0, SDL_OnApplicationWillTerminate, System, , on_application_will_terminate, void @-> returning void, unit -> unit
3.2.0, SDL_OpenAudioDevice, Audio, AudioDevice, open_, audio_device_id @-> audio_spec_opt @-> returning int_as_uint, int -> audio_spec option -> int
3.2.0, SDL_OpenAudioDeviceStream, Audio, AudioDevice, open_stream, audio_device_id @-> audio_spec_opt @-> audio_stream_callback_opt @-> ptr void @-> returning (some_to_ok audio_stream_opt), int -> audio_spec option -> audio_stream_callback option -> ptr void -> (audio_stream option) result
3.2.0, SDL_OpenCamera, Camera, Camera, open_, camera_id @-> camera_spec_opt @-> returning (some_to_ok camera_opt), int -> camera_spec option -> (camera option) result
3.2.0, SDL_OpenFileStorage, Storage, Storage, open_file, string @-> returning (some_to_ok storage_opt), string -> (storage option) result
3.2.0, SDL_OpenGamepad, Gamepad, Gamepad, open_, joystick_id @-> returning (some_to_ok gamepad_opt), int -> (gamepad option) result
3.2.0, SDL_OpenHaptic, Haptic, Haptic, open_, haptic_id @-> returning (some_to_ok haptic_opt), int -> (haptic option) result
3.2.0, SDL_OpenHapticFromJoystick, Haptic, Haptic, open_from_joystick, joystick @-> returning (some_to_ok haptic_opt), joystick -> (haptic option) result
3.2.0, SDL_OpenHapticFromMouse, Haptic, Haptic, open_from_mouse, void @-> returning (some_to_ok haptic_opt), unit -> (haptic option) result
3.2.0, SDL_OpenIO, Iostream, , open_io, ptr io_stream_interface @-> ptr void @-> returning (some_to_ok io_stream_opt), ptr io_stream_interface -> ptr void -> (io_stream option) result
3.2.0, SDL_OpenJoystick, Joystick, Joystick, open_, joystick_id @-> returning (some_to_ok joystick_opt), int -> (joystick option) result
3.2.0, SDL_OpenSensor, Sensor, Sensor, open_, sensor_id @-> returning (some_to_ok sensor_opt), int -> (sensor option) result
3.2.0, SDL_OpenStorage, Storage, Storage, open_, ptr storage_interface @-> ptr void @-> returning (some_to_ok storage_opt), ptr storage_interface -> ptr void -> (storage option) result
3.2.0, SDL_OpenTitleStorage, Storage, Storage, open_title, string @-> properties_id @-> returning (some_to_ok storage_opt), string -> int -> (storage option) result
3.2.0, SDL_OpenURL, Misc, , open_url, string @-> returning true_to_ok, string -> unit result
3.2.0, SDL_OpenUserStorage, Storage, Storage, open_user, string @-> string @-> properties_id @-> returning (some_to_ok storage_opt), string -> string -> int -> (storage option) result
3.2.0, SDL_OutOfMemory, Error, , out_of_memory, void @-> returning bool, unit -> bool
3.2.0, SDL_PauseAudioDevice, Audio, AudioDevice, pause, audio_device_id @-> returning true_to_ok, int -> unit result
3.2.0, SDL_PauseAudioStreamDevice, Audio, AudioStream, pause_device, audio_stream @-> returning true_to_ok, audio_stream -> unit result
3.2.0, SDL_PauseHaptic, Haptic, Haptic, pause, haptic @-> returning true_to_ok, haptic -> unit result
3.2.0, SDL_PeepEvents, Events, Event, peeps, event_opt @-> int @-> event_action @-> uint32 @-> uint32 @-> returning int, event option -> int -> event_action -> int -> int -> int
3.2.0, SDL_PlayHapticRumble, Haptic, Haptic, play_rumble, haptic @-> float @-> uint32 @-> returning true_to_ok, haptic -> float -> int -> unit result
3.2.0, SDL_PollEvent, Events, Event, poll, event_opt @-> returning bool, event option -> bool
3.2.0, SDL_PopGPUDebugGroup, Gpu, GPU, pop_debug_group, gpu_command_buffer @-> returning void, gpu_command_buffer -> unit
3.2.0, SDL_PremultiplyAlpha, Surface, , premultiply_alpha, int @-> int @-> pixel_format @-> ptr void @-> int @-> pixel_format @-> ptr void @-> int @-> bool @-> returning true_to_ok, int -> int -> pixel_format -> ptr void -> int -> pixel_format -> ptr void -> int -> bool -> unit result
3.2.0, SDL_PremultiplySurfaceAlpha, Surface, Surface, premultiply_alpha, surface @-> bool @-> returning true_to_ok, surface -> bool -> unit result
3.2.0, SDL_PumpEvents, Events, Event, pumps, void @-> returning void, unit -> unit
3.2.0, SDL_PushEvent, Events, Event, push, event @-> returning true_to_ok, event -> unit result
3.2.0, SDL_PushGPUComputeUniformData, Gpu, GPU, push_compute_uniform_data, gpu_command_buffer @-> uint32 @-> ptr void @-> uint32 @-> returning void, gpu_command_buffer -> int -> ptr void -> int -> unit
3.2.0, SDL_PushGPUDebugGroup, Gpu, GPU, push_debug_group, gpu_command_buffer @-> string @-> returning void, gpu_command_buffer -> string -> unit
3.2.0, SDL_PushGPUFragmentUniformData, Gpu, GPU, push_fragment_uniform_data, gpu_command_buffer @-> uint32 @-> ptr void @-> uint32 @-> returning void, gpu_command_buffer -> int -> ptr void -> int -> unit
3.2.0, SDL_PushGPUVertexUniformData, Gpu, GPU, push_vertex_uniform_data, gpu_command_buffer @-> uint32 @-> ptr void @-> uint32 @-> returning void, gpu_command_buffer -> int -> ptr void -> int -> unit
3.2.0, SDL_PutAudioStreamData, Audio, AudioStream, put_data, audio_stream @-> ptr void @-> int @-> returning true_to_ok, audio_stream -> ptr void -> int -> unit result
3.2.0, SDL_QueryGPUFence, Gpu, GPU, query_fence, gpu_device @-> gpu_fence @-> returning true_to_ok, gpu_device -> gpu_fence -> unit result
3.2.0, SDL_Quit, Init, , quit, void @-> returning void, unit -> unit
3.2.0, SDL_QuitSubSystem, Init, , quit_sub_system, init_flags @-> returning void, int -> unit
3.2.0, SDL_RaiseWindow, Video, Window, raise_, window @-> returning true_to_ok, window -> unit result
3.2.0, SDL_ReadAsyncIO, Asyncio, AsyncIO, read, async_io @-> ptr void @-> uint64 @-> uint64 @-> async_io_queue @-> ptr void @-> returning true_to_ok, async_io -> ptr void -> int64 -> int64 -> async_io_queue -> ptr void -> unit result
3.2.0, SDL_ReadIO, Iostream, , read_io, io_stream @-> ptr void @-> size_t @-> returning size_t, io_stream -> ptr void -> int -> int
3.2.0, SDL_ReadProcess, Process, Process, read, process @-> ptr_opt size_t @-> ptr int @-> returning (ptr void), process -> ptr_opt size_t -> int
3.2.0, SDL_ReadS16BE, Iostream, , read_s16_be, io_stream @-> ptr sint16 @-> returning true_to_ok, io_stream -> ptr sint16 -> unit result
3.2.0, SDL_ReadS16LE, Iostream, , read_s16_le, io_stream @-> ptr sint16 @-> returning true_to_ok, io_stream -> ptr sint16 -> unit result
3.2.0, SDL_ReadS32BE, Iostream, , read_s32_be, io_stream @-> ptr sint32 @-> returning true_to_ok, io_stream -> ptr sint32 -> unit result
3.2.0, SDL_ReadS32LE, Iostream, , read_s32_le, io_stream @-> ptr sint32 @-> returning true_to_ok, io_stream -> ptr sint32 -> unit result
3.2.0, SDL_ReadS64BE, Iostream, , read_s64_be, io_stream @-> ptr sint64 @-> returning true_to_ok, io_stream -> ptr sint64 -> unit result
3.2.0, SDL_ReadS64LE, Iostream, , read_s64_le, io_stream @-> ptr sint64 @-> returning true_to_ok, io_stream -> ptr sint64 -> unit result
3.2.0, SDL_ReadS8, Iostream, , read_s8, io_stream @-> ptr sint8 @-> returning true_to_ok, io_stream -> ptr sint8 -> unit result
3.2.0, SDL_ReadStorageFile, Storage, Storage, read_file, storage @-> string @-> ptr void @-> uint64 @-> returning true_to_ok, storage -> string -> ptr void -> int64 -> unit result
3.2.0, SDL_ReadSurfacePixel, Surface, Surface, read_pixel, surface @-> int @-> int @-> ptr uint8 @-> ptr uint8 @-> ptr uint8 @-> ptr uint8 @-> returning bool, surface -> int -> int -> (int * int * int * int) result
3.2.0, SDL_ReadSurfacePixelFloat, Surface, Surface, read_pixel_float, surface @-> int @-> int @-> ptr float @-> ptr float @-> ptr float @-> ptr float @-> returning bool, surface -> int -> int -> (float * float * float * float) result
3.2.0, SDL_ReadU16BE, Iostream, , read_u16_be, io_stream @-> ptr uint16 @-> returning bool, io_stream -> int
3.2.0, SDL_ReadU16LE, Iostream, , read_u16_le, io_stream @-> ptr uint16 @-> returning bool, io_stream -> int
3.2.0, SDL_ReadU32BE, Iostream, , read_u32_be, io_stream @-> ptr uint32 @-> returning bool, io_stream -> int
3.2.0, SDL_ReadU32LE, Iostream, , read_u32_le, io_stream @-> ptr uint32 @-> returning bool, io_stream -> int
3.2.0, SDL_ReadU64BE, Iostream, , read_u64_be, io_stream @-> ptr uint64 @-> returning bool, io_stream -> int64
3.2.0, SDL_ReadU64LE, Iostream, , read_u64_le, io_stream @-> ptr uint64 @-> returning bool, io_stream -> int64
3.2.0, SDL_ReadU8, Iostream, , read_u8, io_stream @-> ptr uint8 @-> returning bool, io_stream -> int
3.2.0, SDL_RegisterEvents, Events, Event, registers, int @-> returning int_as_uint, int -> int
3.2.0, SDL_ReleaseCameraFrame, Camera, Camera, release_frame, camera @-> surface @-> returning void, camera -> surface -> unit
3.2.0, SDL_ReleaseGPUBuffer, Gpu, GPU, release_buffer, gpu_device @-> gpu_buffer @-> returning void, gpu_device -> gpu_buffer -> unit
3.2.0, SDL_ReleaseGPUComputePipeline, Gpu, GPU, release_compute_pipeline, gpu_device @-> gpu_compute_pipeline @-> returning void, gpu_device -> gpu_compute_pipeline -> unit
3.2.0, SDL_ReleaseGPUFence, Gpu, GPU, release_fence, gpu_device @-> gpu_fence @-> returning void, gpu_device -> gpu_fence -> unit
3.2.0, SDL_ReleaseGPUGraphicsPipeline, Gpu, GPU, release_graphics_pipeline, gpu_device @-> gpu_graphics_pipeline @-> returning void, gpu_device -> gpu_graphics_pipeline -> unit
3.2.0, SDL_ReleaseGPUSampler, Gpu, GPU, release_sampler, gpu_device @-> gpu_sampler @-> returning void, gpu_device -> gpu_sampler -> unit
3.2.0, SDL_ReleaseGPUShader, Gpu, GPU, release_shader, gpu_device @-> gpu_shader @-> returning void, gpu_device -> gpu_shader -> unit
3.2.0, SDL_ReleaseGPUTexture, Gpu, GPU, release_texture, gpu_device @-> gpu_texture @-> returning void, gpu_device -> gpu_texture -> unit
3.2.0, SDL_ReleaseGPUTransferBuffer, Gpu, GPU, release_transfer_buffer, gpu_device @-> gpu_transfer_buffer @-> returning void, gpu_device -> gpu_transfer_buffer -> unit
3.2.0, SDL_ReleaseWindowFromGPUDevice, Gpu, GPUDevice, release_window_from, gpu_device @-> window @-> returning void, gpu_device -> window -> unit
3.2.0, SDL_ReloadGamepadMappings, Gamepad, Gamepad, reload_mappings, void @-> returning true_to_ok, unit -> unit result
3.2.0, SDL_RemoveEventWatch, Events, Event, remove_watch, event_filter @-> ptr void @-> returning void, event_filter -> ptr void -> unit
3.2.0, SDL_RemoveHintCallback, Hints, Hint, remove_callback, string @-> hint_callback @-> ptr void @-> returning void, string -> hint_callback -> ptr void -> unit
3.2.0, SDL_RemovePath, Filesystem, , remove_path, string @-> returning true_to_ok, string -> unit result
3.2.0, SDL_RemoveStoragePath, Storage, Storage, remove_path, storage @-> string @-> returning true_to_ok, storage -> string -> unit result
3.2.0, SDL_RemoveSurfaceAlternateImages, Surface, Surface, remove_alternate_images, surface @-> returning void, surface -> unit
3.2.0, SDL_RemoveTimer, Timer, Timer, remove, timer_id @-> returning true_to_ok, int -> unit result
3.2.0, SDL_RemoveTrayEntry, Tray, Tray, remove_entry, tray_entry @-> returning void, tray_entry -> unit
3.2.0, SDL_RenamePath, Filesystem, , rename_path, string @-> string @-> returning true_to_ok, string -> string -> unit result
3.2.0, SDL_RenameStoragePath, Storage, Storage, rename_path, storage @-> string @-> string @-> returning true_to_ok, storage -> string -> string -> unit result
3.2.0, SDL_RenderClear, Render, Renderer, clear, renderer @-> returning true_to_ok, renderer -> unit result
3.2.0, SDL_RenderClipEnabled, Render, Renderer, clip_enabled, renderer @-> returning bool, renderer -> bool
3.2.0, SDL_RenderCoordinatesFromWindow, Render, Renderer, coordinates_from_window, renderer @-> float @-> float @-> ptr float @-> ptr float @-> returning bool, renderer -> float -> float -> (float * float) result
3.2.0, SDL_RenderCoordinatesToWindow, Render, Renderer, coordinates_to_window, renderer @-> float @-> float @-> ptr float @-> ptr float @-> returning bool, renderer -> float -> float -> (float * float) result
3.2.0, SDL_RenderDebugText, Render, Renderer, render_debug_text, renderer @-> float @-> float @-> string @-> returning true_to_ok, renderer -> float -> float -> string -> unit result
3.2.0, SDL_RenderFillRect, Render, Renderer, render_fill_rect, renderer @-> f_rect_opt @-> returning true_to_ok, renderer -> f_rect option -> unit result
3.2.0, SDL_RenderFillRects, Render, Renderer, render_fill_rects, renderer @-> ptr f_rect @-> int @-> returning true_to_ok, renderer -> f_rect array -> unit result
3.2.0, SDL_RenderGeometry, Render, Renderer, render_geometry, renderer @-> texture_opt @-> ptr vertex @-> int @-> ptr_opt (const int) @-> int @-> returning true_to_ok, renderer -> texture option -> vertex array -> (const int) array -> unit result
3.2.0, SDL_RenderGeometryRaw, Render, Renderer, render_geometry_raw, renderer @-> texture_opt @-> ptr (const float) @-> int @-> ptr f_color @-> int @-> ptr (const float) @-> int @-> int @-> ptr void @-> int @-> int @-> returning true_to_ok, renderer -> texture option -> ptr (const float) -> int -> ptr f_color -> int -> ptr (const float) -> int -> int -> void array -> int -> unit result
3.2.0, SDL_RenderLine, Render, Renderer, render_line, renderer @-> float @-> float @-> float @-> float @-> returning true_to_ok, renderer -> float -> float -> float -> float -> unit result
3.2.0, SDL_RenderLines, Render, Renderer, render_lines, renderer @-> ptr f_point @-> int @-> returning true_to_ok, renderer -> f_point array -> unit result
3.2.0, SDL_RenderPoint, Render, Renderer, render_point, renderer @-> float @-> float @-> returning true_to_ok, renderer -> float -> float -> unit result
3.2.0, SDL_RenderPoints, Render, Renderer, render_points, renderer @-> ptr f_point @-> int @-> returning true_to_ok, renderer -> f_point array -> unit result
3.2.0, SDL_RenderPresent, Render, Renderer, present, renderer @-> returning true_to_ok, renderer -> unit result
3.2.0, SDL_RenderReadPixels, Render, Renderer, read_pixels, renderer @-> rect_opt @-> returning (some_to_ok surface_opt), renderer -> rect option -> (surface option) result
3.2.0, SDL_RenderRect, Render, Renderer, render_rect, renderer @-> f_rect_opt @-> returning true_to_ok, renderer -> f_rect option -> unit result
3.2.0, SDL_RenderRects, Render, Renderer, render_rects, renderer @-> ptr f_rect @-> int @-> returning true_to_ok, renderer -> f_rect array -> unit result
3.2.0, SDL_RenderTexture, Render, Renderer, render_texture, renderer @-> texture @-> f_rect_opt @-> f_rect_opt @-> returning true_to_ok, renderer -> texture -> f_rect option -> f_rect option -> unit result
3.2.0, SDL_RenderTexture9Grid, Render, Renderer, render_texture9_grid, renderer @-> texture @-> f_rect_opt @-> float @-> float @-> float @-> float @-> float @-> f_rect_opt @-> returning true_to_ok, renderer -> texture -> f_rect option -> float -> float -> float -> float -> float -> f_rect option -> unit result
3.2.0, SDL_RenderTextureAffine, Render, Renderer, render_texture_affine, renderer @-> texture @-> f_rect_opt @-> f_point_opt @-> f_point_opt @-> f_point_opt @-> returning true_to_ok, renderer -> texture -> f_rect option -> f_point option -> f_point option -> f_point option -> unit result
3.2.0, SDL_RenderTextureRotated, Render, Renderer, render_texture_rotated, renderer @-> texture @-> f_rect_opt @-> f_rect_opt @-> double @-> f_point_opt @-> flip_mode @-> returning true_to_ok, renderer -> texture -> f_rect option -> f_rect option -> float -> f_point option -> flip_mode -> unit result
3.2.0, SDL_RenderTextureTiled, Render, Renderer, render_texture_tiled, renderer @-> texture @-> f_rect_opt @-> float @-> f_rect_opt @-> returning true_to_ok, renderer -> texture -> f_rect option -> float -> f_rect option -> unit result
3.2.0, SDL_RenderViewportSet, Render, Renderer, viewport_set, renderer @-> returning true_to_ok, renderer -> unit result
3.2.0, SDL_ReportAssertion, Assert, Assertion, report, ptr assert_data @-> string @-> string @-> int @-> returning assert_state, ptr assert_data -> string -> string -> int -> assert_state
3.2.0, SDL_ResetAssertionReport, Assert, Assertion, reset_report, void @-> returning void, unit -> unit
3.2.0, SDL_ResetHint, Hints, Hint, reset, string @-> returning true_to_ok, string -> unit result
3.2.0, SDL_ResetHints, Hints, Hint, resets, void @-> returning void, unit -> unit
3.2.0, SDL_ResetKeyboard, Keyboard, Keyboard, reset, void @-> returning void, unit -> unit
3.2.0, SDL_ResetLogPriorities, Log, Log, reset_priorities, void @-> returning void, unit -> unit
3.2.0, SDL_RestoreWindow, Video, Window, restore, window @-> returning true_to_ok, window -> unit result
3.2.0, SDL_ResumeAudioDevice, Audio, AudioDevice, resume, audio_device_id @-> returning true_to_ok, int -> unit result
3.2.0, SDL_ResumeAudioStreamDevice, Audio, AudioStream, resume_device, audio_stream @-> returning true_to_ok, audio_stream -> unit result
3.2.0, SDL_ResumeHaptic, Haptic, Haptic, resume, haptic @-> returning true_to_ok, haptic -> unit result
3.2.0, SDL_RumbleGamepad, Gamepad, Gamepad, rumble, gamepad @-> uint16 @-> uint16 @-> uint32 @-> returning true_to_ok, gamepad -> int -> int -> int -> unit result
3.2.0, SDL_RumbleGamepadTriggers, Gamepad, Gamepad, rumble_triggers, gamepad @-> uint16 @-> uint16 @-> uint32 @-> returning true_to_ok, gamepad -> int -> int -> int -> unit result
3.2.0, SDL_RumbleJoystick, Joystick, Joystick, rumble, joystick @-> uint16 @-> uint16 @-> uint32 @-> returning true_to_ok, joystick -> int -> int -> int -> unit result
3.2.0, SDL_RumbleJoystickTriggers, Joystick, Joystick, rumble_triggers, joystick @-> uint16 @-> uint16 @-> uint32 @-> returning true_to_ok, joystick -> int -> int -> int -> unit result
3.2.0, SDL_RunHapticEffect, Haptic, Haptic, run_effect, haptic @-> haptic_effect_id @-> uint32 @-> returning true_to_ok, haptic -> haptic_effect_id (* int *) -> int -> unit result
3.2.0, SDL_RunOnMainThread, Init, , run_on_main_thread, main_thread_callback @-> ptr void @-> bool @-> returning true_to_ok, main_thread_callback -> ptr void -> bool -> unit result
3.2.0, SDL_SaveBMP, Surface, , save_bmp, surface @-> string @-> returning true_to_ok, surface -> string -> unit result
3.2.0, SDL_SaveBMP_IO, Surface, , save_bmp_io, surface @-> io_stream @-> bool @-> returning true_to_ok, surface -> io_stream -> bool -> unit result
3.2.0, SDL_SaveFile, Iostream, , save_file, string @-> ptr void @-> size_t @-> returning true_to_ok, string -> ptr void -> int -> unit result
3.2.0, SDL_SaveFile_IO, Iostream, , save_file_io, io_stream @-> ptr void @-> size_t @-> bool @-> returning true_to_ok, io_stream -> ptr void -> int -> bool -> unit result
3.2.0, SDL_ScaleSurface, Surface, Surface, scale, surface @-> int @-> int @-> scale_mode @-> returning (some_to_ok surface_opt), surface -> int -> int -> scale_mode -> (surface option) result
3.2.0, SDL_ScreenKeyboardShown, Keyboard, Keyboard, screen_shown, window @-> returning true_to_ok, window -> unit result
3.2.0, SDL_ScreenSaverEnabled, Video, , screen_saver_enabled, void @-> returning bool, unit -> bool
3.2.0, SDL_SeekIO, Iostream, , seek_io, io_stream @-> sint64 @-> io_whence @-> returning sint64, io_stream -> int -> io_whence -> int
3.2.0, SDL_SendGamepadEffect, Gamepad, Gamepad, send_effect, gamepad @-> ptr void @-> int @-> returning true_to_ok, gamepad -> ptr void -> int -> unit result
3.2.0, SDL_SendJoystickEffect, Joystick, Joystick, send_effect, joystick @-> ptr void @-> int @-> returning true_to_ok, joystick -> ptr void -> int -> unit result
3.2.0, SDL_SendJoystickVirtualSensorData, Joystick, Joystick, send_virtual_sensor_data, joystick @-> sensor_type @-> uint64 @-> ptr (const float) @-> int @-> returning true_to_ok, joystick -> sensor_type -> int64 -> ptr (const float) -> int -> unit result
3.2.0, SDL_SetAppMetadata, Init, , set_app_metadata, string @-> string @-> string @-> returning true_to_ok, string -> string -> string -> unit result
3.2.0, SDL_SetAppMetadataProperty, Init, , set_app_metadata_property, string @-> string @-> returning true_to_ok, string -> string -> unit result
3.2.0, SDL_SetAssertionHandler, Assert, Assertion, set_handler, assertion_handler_opt @-> ptr void @-> returning void, assertion_handler option -> ptr void -> unit
3.2.0, SDL_SetAtomicInt, Atomic, AtomicInt, set, atomic_int @-> int @-> returning int, atomic_int -> int -> int
3.2.0, SDL_SetAtomicPointer, Atomic, Atomic, set_pointer, ptr (ptr void) @-> ptr void @-> returning (ptr void), ptr (ptr void) -> ptr void -> ptr void
3.2.0, SDL_SetAtomicU32, Atomic, AtomicU32, set, atomic_u32 @-> uint32 @-> returning int_as_uint, atomic_u32 -> int -> int
3.2.0, SDL_SetAudioDeviceGain, Audio, AudioDevice, set_gain, audio_device_id @-> float @-> returning true_to_ok, int -> float -> unit result
3.2.0, SDL_SetAudioPostmixCallback, Audio, Audio, set_postmix_callback, audio_device_id @-> audio_postmix_callback_opt @-> ptr void @-> returning true_to_ok, int -> audio_postmix_callback option -> ptr void -> unit result
3.2.0, SDL_SetAudioStreamFormat, Audio, AudioStream, set_format, audio_stream @-> audio_spec_opt @-> audio_spec_opt @-> returning true_to_ok, audio_stream -> audio_spec option -> audio_spec option -> unit result
3.2.0, SDL_SetAudioStreamFrequencyRatio, Audio, AudioStream, set_frequency_ratio, audio_stream @-> float @-> returning true_to_ok, audio_stream -> float -> unit result
3.2.0, SDL_SetAudioStreamGain, Audio, AudioStream, set_gain, audio_stream @-> float @-> returning true_to_ok, audio_stream -> float -> unit result
3.2.0, SDL_SetAudioStreamGetCallback, Audio, AudioStream, set_get_callback, audio_stream @-> audio_stream_callback @-> ptr void @-> returning true_to_ok, audio_stream -> audio_stream_callback -> ptr void -> unit result
3.2.0, SDL_SetAudioStreamInputChannelMap, Audio, AudioStream, set_input_channel_map, audio_stream @-> ptr_opt (const int) @-> int @-> returning true_to_ok, audio_stream -> ptr_opt (const int) -> int -> unit result
3.2.0, SDL_SetAudioStreamOutputChannelMap, Audio, AudioStream, set_output_channel_map, audio_stream @-> ptr_opt (const int) @-> int @-> returning true_to_ok, audio_stream -> ptr_opt (const int) -> int -> unit result
3.2.0, SDL_SetAudioStreamPutCallback, Audio, AudioStream, set_put_callback, audio_stream @-> audio_stream_callback @-> ptr void @-> returning true_to_ok, audio_stream -> audio_stream_callback -> ptr void -> unit result
3.2.0, SDL_SetBooleanProperty, Properties, , set_boolean_property, properties_id @-> string @-> bool @-> returning true_to_ok, int -> string -> bool -> unit result
3.2.0, SDL_SetClipboardData, Clipboard, Clipboard, set_data, clipboard_data_callback @-> clipboard_cleanup_callback @-> ptr void @-> ptr string @-> size_t @-> returning true_to_ok, clipboard_data_callback -> clipboard_cleanup_callback -> ptr void -> string array -> unit result
3.2.0, SDL_SetClipboardText, Clipboard, Clipboard, set_text, string @-> returning true_to_ok, string -> unit result
3.2.0, SDL_SetCurrentThreadPriority, Thread, Thread, set_current_priority, thread_priority @-> returning true_to_ok, thread_priority -> unit result
3.2.0, SDL_SetCursor, Mouse, Cursor, set, cursor @-> returning true_to_ok, cursor -> unit result
3.2.0, SDL_SetEnvironmentVariable, Stdinc, Environment, set_variable, environment @-> string @-> string @-> bool @-> returning true_to_ok, environment -> string -> string -> bool -> unit result
3.2.0, SDL_SetEventEnabled, Events, Event, set_enabled, uint32 @-> bool @-> returning void, int -> bool -> unit
3.2.0, SDL_SetEventFilter, Events, Event, set_filter, event_filter @-> ptr void @-> returning void, event_filter -> ptr void -> unit
3.2.0, SDL_SetFloatProperty, Properties, , set_float_property, properties_id @-> string @-> float @-> returning true_to_ok, int -> string -> float -> unit result
3.2.0, SDL_SetGPUAllowedFramesInFlight, Gpu, GPU, set_allowed_frames_in_flight, gpu_device @-> uint32 @-> returning true_to_ok, gpu_device -> int -> unit result
3.2.0, SDL_SetGPUBlendConstants, Gpu, GPU, set_blend_constants, gpu_render_pass @-> f_color @-> returning void, gpu_render_pass -> f_color -> unit
3.2.0, SDL_SetGPUBufferName, Gpu, GPU, set_buffer_name, gpu_device @-> gpu_buffer @-> string @-> returning void, gpu_device -> gpu_buffer -> string -> unit
3.2.0, SDL_SetGPUScissor, Gpu, GPU, set_scissor, gpu_render_pass @-> ptr rect @-> returning void, gpu_render_pass -> ptr rect -> unit
3.2.0, SDL_SetGPUStencilReference, Gpu, GPU, set_stencil_reference, gpu_render_pass @-> uint8 @-> returning void, gpu_render_pass -> int -> unit
3.2.0, SDL_SetGPUSwapchainParameters, Gpu, GPU, set_swapchain_parameters, gpu_device @-> window @-> gpu_swapchain_composition @-> gpu_present_mode @-> returning true_to_ok, gpu_device -> window -> gpu_swapchain_composition -> gpu_present_mode -> unit result
3.2.0, SDL_SetGPUTextureName, Gpu, GPU, set_texture_name, gpu_device @-> gpu_texture @-> string @-> returning void, gpu_device -> gpu_texture -> string -> unit
3.2.0, SDL_SetGPUViewport, Gpu, GPU, set_viewport, gpu_render_pass @-> ptr gpu_viewport @-> returning void, gpu_render_pass -> ptr gpu_viewport -> unit
3.2.0, SDL_SetGamepadEventsEnabled, Gamepad, Gamepad, set_events_enabled, bool @-> returning void, bool -> unit
3.2.0, SDL_SetGamepadLED, Gamepad, Gamepad, set_led, gamepad @-> uint8 @-> uint8 @-> uint8 @-> returning true_to_ok, gamepad -> int -> int -> int -> unit result
3.2.0, SDL_SetGamepadMapping, Gamepad, Gamepad, set_mapping, joystick_id @-> string @-> returning true_to_ok, int -> string -> unit result
3.2.0, SDL_SetGamepadPlayerIndex, Gamepad, Gamepad, set_player_index, gamepad @-> int @-> returning true_to_ok, gamepad -> int -> unit result
3.2.0, SDL_SetGamepadSensorEnabled, Gamepad, Gamepad, set_sensor_enabled, gamepad @-> sensor_type @-> bool @-> returning bool, gamepad -> sensor_type -> bool -> bool
3.2.0, SDL_SetHapticAutocenter, Haptic, Haptic, set_autocenter, haptic @-> int @-> returning true_to_ok, haptic -> int -> unit result
3.2.0, SDL_SetHapticGain, Haptic, Haptic, set_gain, haptic @-> int @-> returning true_to_ok, haptic -> int -> unit result
3.2.0, SDL_SetHint, Hints, Hint, set, string @-> string @-> returning true_to_ok, string -> string -> unit result
3.2.0, SDL_SetHintWithPriority, Hints, Hint, set_with_priority, string @-> string @-> hint_priority @-> returning true_to_ok, string -> string -> hint_priority -> unit result
3.2.0, SDL_SetInitialized, Mutex, , set_initialized, ptr init_state @-> bool @-> returning void, ptr init_state -> bool -> unit
3.2.0, SDL_SetJoystickEventsEnabled, Joystick, Joystick, set_events_enabled, bool @-> returning void, bool -> unit
3.2.0, SDL_SetJoystickLED, Joystick, Joystick, set_led, joystick @-> uint8 @-> uint8 @-> uint8 @-> returning true_to_ok, joystick -> int -> int -> int -> unit result
3.2.0, SDL_SetJoystickPlayerIndex, Joystick, Joystick, set_player_index, joystick @-> int @-> returning true_to_ok, joystick -> int -> unit result
3.2.0, SDL_SetJoystickVirtualAxis, Joystick, Joystick, set_virtual_axis, joystick @-> int @-> sint16 @-> returning true_to_ok, joystick -> int -> int -> unit result
3.2.0, SDL_SetJoystickVirtualBall, Joystick, Joystick, set_virtual_ball, joystick @-> int @-> sint16 @-> sint16 @-> returning true_to_ok, joystick -> int -> int -> int -> unit result
3.2.0, SDL_SetJoystickVirtualButton, Joystick, Joystick, set_virtual_button, joystick @-> int @-> bool @-> returning true_to_ok, joystick -> int -> bool -> unit result
3.2.0, SDL_SetJoystickVirtualHat, Joystick, Joystick, set_virtual_hat, joystick @-> int @-> uint8 @-> returning true_to_ok, joystick -> int -> int -> unit result
3.2.0, SDL_SetJoystickVirtualTouchpad, Joystick, Joystick, set_virtual_touchpad, joystick @-> int @-> int @-> bool @-> float @-> float @-> float @-> returning true_to_ok, joystick -> int -> int -> bool -> float -> float -> float -> unit result
3.2.0, SDL_SetLinuxThreadPriority, System, , set_linux_thread_priority, sint64 @-> int @-> returning true_to_ok, int -> int -> unit result
3.2.0, SDL_SetLinuxThreadPriorityAndPolicy, System, , set_linux_thread_priority_and_policy, sint64 @-> int @-> int @-> returning true_to_ok, int -> int -> int -> unit result
3.2.0, SDL_SetLogOutputFunction, Log, Log, set_output_function, log_output_function @-> ptr void @-> returning void, log_output_function -> ptr void -> unit
3.2.0, SDL_SetLogPriorities, Log, Log, set_priorities, log_priority @-> returning void, log_priority -> unit
3.2.0, SDL_SetLogPriority, Log, Log, set_priority, int @-> log_priority @-> returning void, int -> log_priority -> unit
3.2.0, SDL_SetLogPriorityPrefix, Log, Log, set_priority_prefix, log_priority @-> string @-> returning true_to_ok, log_priority -> string -> unit result
3.2.0, SDL_SetMemoryFunctions, Stdinc, , set_memory_functions, malloc_func @-> calloc_func @-> realloc_func @-> free_func @-> returning true_to_ok, malloc_func -> calloc_func -> realloc_func -> free_func -> unit result
3.2.0, SDL_SetModState, Keyboard, , set_mod_state, keymod @-> returning void, int -> unit
3.2.0, SDL_SetNumberProperty, Properties, , set_number_property, properties_id @-> string @-> sint64 @-> returning true_to_ok, int -> string -> int -> unit result
3.2.0, SDL_SetPaletteColors, Pixels, Palette, set_colors, palette @-> ptr color @-> int @-> int @-> returning true_to_ok, palette -> ptr color -> int -> int -> unit result
3.2.0, SDL_SetPointerProperty, Properties, , set_pointer_property, properties_id @-> string @-> ptr void @-> returning true_to_ok, int -> string -> ptr void -> unit result
3.2.0, SDL_SetPointerPropertyWithCleanup, Properties, , set_pointer_property_with_cleanup, properties_id @-> string @-> ptr void @-> cleanup_property_callback_opt @-> ptr void @-> returning true_to_ok, int -> string -> ptr void -> cleanup_property_callback option -> ptr void -> unit result
3.2.0, SDL_SetPrimarySelectionText, Clipboard, , set_primary_selection_text, string @-> returning true_to_ok, string -> unit result
3.2.0, SDL_SetRenderClipRect, Render, Renderer, set_clip_rect, renderer @-> rect_opt @-> returning true_to_ok, renderer -> rect option -> unit result
3.2.0, SDL_SetRenderColorScale, Render, Renderer, set_color_scale, renderer @-> float @-> returning true_to_ok, renderer -> float -> unit result
3.2.0, SDL_SetRenderDrawBlendMode, Render, Renderer, set_draw_blend_mode, renderer @-> blend_mode @-> returning true_to_ok, renderer -> int -> unit result
3.2.0, SDL_SetRenderDrawColor, Render, Renderer, set_draw_color, renderer @-> uint8 @-> uint8 @-> uint8 @-> uint8 @-> returning true_to_ok, renderer -> int -> int -> int -> int -> unit result
3.2.0, SDL_SetRenderDrawColorFloat, Render, Renderer, set_draw_color_float, renderer @-> float @-> float @-> float @-> float @-> returning true_to_ok, renderer -> float -> float -> float -> float -> unit result
3.2.0, SDL_SetRenderLogicalPresentation, Render, Renderer, set_logical_presentation, renderer @-> int @-> int @-> renderer_logical_presentation @-> returning true_to_ok, renderer -> int -> int -> renderer_logical_presentation -> unit result
3.2.0, SDL_SetRenderScale, Render, Renderer, set_scale, renderer @-> float @-> float @-> returning true_to_ok, renderer -> float -> float -> unit result
3.2.0, SDL_SetRenderTarget, Render, Renderer, set_target, renderer @-> texture_opt @-> returning true_to_ok, renderer -> texture option -> unit result
3.2.0, SDL_SetRenderVSync, Render, Renderer, set_v_sync, renderer @-> int @-> returning true_to_ok, renderer -> int -> unit result
3.2.0, SDL_SetRenderViewport, Render, Renderer, set_viewport, renderer @-> rect_opt @-> returning true_to_ok, renderer -> rect option -> unit result
3.2.0, SDL_SetScancodeName, Keyboard, Scancode, set_name, scancode @-> string @-> returning true_to_ok, scancode -> string -> unit result
3.2.0, SDL_SetStringProperty, Properties, , set_string_property, properties_id @-> string @-> string @-> returning true_to_ok, int -> string -> string -> unit result
3.2.0, SDL_SetSurfaceAlphaMod, Surface, Surface, set_alpha_mod, surface @-> uint8 @-> returning true_to_ok, surface -> int -> unit result
3.2.0, SDL_SetSurfaceBlendMode, Surface, Surface, set_blend_mode, surface @-> blend_mode @-> returning true_to_ok, surface -> int -> unit result
3.2.0, SDL_SetSurfaceClipRect, Surface, Surface, set_clip_rect, surface @-> rect_opt @-> returning true_to_ok, surface -> rect option -> unit result
3.2.0, SDL_SetSurfaceColorKey, Surface, Surface, set_color_key, surface @-> bool @-> uint32 @-> returning true_to_ok, surface -> bool -> int -> unit result
3.2.0, SDL_SetSurfaceColorMod, Surface, Surface, set_color_mod, surface @-> uint8 @-> uint8 @-> uint8 @-> returning true_to_ok, surface -> int -> int -> int -> unit result
3.2.0, SDL_SetSurfaceColorspace, Surface, Surface, set_colorspace, surface @-> colorspace @-> returning true_to_ok, surface -> colorspace -> unit result
3.2.0, SDL_SetSurfacePalette, Surface, Surface, set_palette, surface @-> palette @-> returning true_to_ok, surface -> palette -> unit result
3.2.0, SDL_SetSurfaceRLE, Surface, Surface, set_rle, surface @-> bool @-> returning true_to_ok, surface -> bool -> unit result
3.2.0, SDL_SetTLS, Thread, , set_tls, ptr_opt tlsid @-> ptr void @-> tls_destructor_callback_opt @-> returning true_to_ok, ptr_opt tlsid -> ptr void -> tls_destructor_callback option -> unit result
3.2.0, SDL_SetTextInputArea, Keyboard, , set_text_input_area, window @-> rect_opt @-> int @-> returning true_to_ok, window -> rect option -> int -> unit result
3.2.0, SDL_SetTextureAlphaMod, Render, Texture, set_alpha_mod, texture @-> uint8 @-> returning true_to_ok, texture -> int -> unit result
3.2.0, SDL_SetTextureAlphaModFloat, Render, Texture, set_alpha_mod_float, texture @-> float @-> returning true_to_ok, texture -> float -> unit result
3.2.0, SDL_SetTextureBlendMode, Render, Texture, set_blend_mode, texture @-> blend_mode @-> returning true_to_ok, texture -> int -> unit result
3.2.0, SDL_SetTextureColorMod, Render, Texture, set_color_mod, texture @-> uint8 @-> uint8 @-> uint8 @-> returning true_to_ok, texture -> int -> int -> int -> unit result
3.2.0, SDL_SetTextureColorModFloat, Render, Texture, set_color_mod_float, texture @-> float @-> float @-> float @-> returning true_to_ok, texture -> float -> float -> float -> unit result
3.2.0, SDL_SetTextureScaleMode, Render, Texture, set_scale_mode, texture @-> scale_mode @-> returning true_to_ok, texture -> scale_mode -> unit result
3.2.0, SDL_SetTrayEntryCallback, Tray, Tray, set_entry_callback, tray_entry @-> tray_callback @-> ptr void @-> returning void, tray_entry -> tray_callback -> ptr void -> unit
3.2.0, SDL_SetTrayEntryChecked, Tray, Tray, set_entry_checked, tray_entry @-> bool @-> returning void, tray_entry -> bool -> unit
3.2.0, SDL_SetTrayEntryEnabled, Tray, Tray, set_entry_enabled, tray_entry @-> bool @-> returning void, tray_entry -> bool -> unit
3.2.0, SDL_SetTrayEntryLabel, Tray, Tray, set_entry_label, tray_entry @-> string @-> returning void, tray_entry -> string -> unit
3.2.0, SDL_SetTrayIcon, Tray, Tray, set_icon, tray @-> surface_opt @-> returning void, tray -> surface option -> unit
3.2.0, SDL_SetTrayTooltip, Tray, Tray, set_tooltip, tray @-> string @-> returning void, tray -> string -> unit
3.2.0, SDL_SetWindowAlwaysOnTop, Video, Window, set_always_on_top, window @-> bool @-> returning true_to_ok, window -> bool -> unit result
3.2.0, SDL_SetWindowAspectRatio, Video, Window, set_aspect_ratio, window @-> float @-> float @-> returning true_to_ok, window -> float -> float -> unit result
3.2.0, SDL_SetWindowBordered, Video, Window, set_bordered, window @-> bool @-> returning true_to_ok, window -> bool -> unit result
3.2.0, SDL_SetWindowFocusable, Video, Window, set_focusable, window @-> bool @-> returning true_to_ok, window -> bool -> unit result
3.2.0, SDL_SetWindowFullscreen, Video, Window, set_fullscreen, window @-> bool @-> returning true_to_ok, window -> bool -> unit result
3.2.0, SDL_SetWindowFullscreenMode, Video, Window, set_fullscreen_mode, window @-> display_mode_opt @-> returning true_to_ok, window -> display_mode option -> unit result
3.2.0, SDL_SetWindowHitTest, Video, Window, set_hit_test, window @-> hit_test @-> ptr void @-> returning true_to_ok, window -> hit_test -> ptr void -> unit result
3.2.0, SDL_SetWindowIcon, Video, Window, set_icon, window @-> surface @-> returning true_to_ok, window -> surface -> unit result
3.2.0, SDL_SetWindowKeyboardGrab, Video, Window, set_keyboard_grab, window @-> bool @-> returning true_to_ok, window -> bool -> unit result
3.2.0, SDL_SetWindowMaximumSize, Video, Window, set_maximum_size, window @-> int @-> int @-> returning true_to_ok, window -> int -> int -> unit result
3.2.0, SDL_SetWindowMinimumSize, Video, Window, set_minimum_size, window @-> int @-> int @-> returning true_to_ok, window -> int -> int -> unit result
3.2.0, SDL_SetWindowModal, Video, Window, set_modal, window @-> bool @-> returning true_to_ok, window -> bool -> unit result
3.2.0, SDL_SetWindowMouseGrab, Video, Window, set_mouse_grab, window @-> bool @-> returning true_to_ok, window -> bool -> unit result
3.2.0, SDL_SetWindowMouseRect, Video, Window, set_mouse_rect, window @-> rect_opt @-> returning true_to_ok, window -> rect option -> unit result
3.2.0, SDL_SetWindowOpacity, Video, Window, set_opacity, window @-> float @-> returning true_to_ok, window -> float -> unit result
3.2.0, SDL_SetWindowParent, Video, Window, set_parent, window @-> window @-> returning true_to_ok, window -> window -> unit result
3.2.0, SDL_SetWindowPosition, Video, Window, set_position, window @-> int @-> int @-> returning true_to_ok, window -> int -> int -> unit result
3.2.0, SDL_SetWindowRelativeMouseMode, Mouse, Window, set_relative_mouse_mode, window @-> bool @-> returning true_to_ok, window -> bool -> unit result
3.2.0, SDL_SetWindowResizable, Video, Window, set_resizable, window @-> bool @-> returning true_to_ok, window -> bool -> unit result
3.2.0, SDL_SetWindowShape, Video, Window, set_shape, window @-> surface_opt @-> returning true_to_ok, window -> surface option -> unit result
3.2.0, SDL_SetWindowSize, Video, Window, set_size, window @-> int @-> int @-> returning true_to_ok, window -> int -> int -> unit result
3.2.0, SDL_SetWindowSurfaceVSync, Video, Window, set_surface_v_sync, window @-> int @-> returning true_to_ok, window -> int -> unit result
3.2.0, SDL_SetWindowTitle, Video, Window, set_title, window @-> string @-> returning true_to_ok, window -> string -> unit result
3.2.0, SDL_ShouldInit, Mutex, , should_init, ptr init_state @-> returning true_to_ok, ptr init_state -> unit result
3.2.0, SDL_ShouldQuit, Mutex, , should_quit, ptr init_state @-> returning true_to_ok, ptr init_state -> unit result
3.2.0, SDL_ShowCursor, Mouse, , show_cursor, void @-> returning true_to_ok, unit -> unit result
3.2.0, SDL_ShowFileDialogWithProperties, Dialog, Dialog, show_file_with_properties, file_dialog_type @-> dialog_file_callback @-> ptr void @-> properties_id @-> returning void, file_dialog_type -> dialog_file_callback -> ptr void -> int -> unit
3.2.0, SDL_ShowMessageBox, Messagebox, , show_message_box, ptr message_box_data @-> ptr int @-> returning bool, ptr message_box_data -> int
3.2.0, SDL_ShowOpenFileDialog, Dialog, Dialog, show_open_file, dialog_file_callback @-> ptr void @-> window_opt @-> dialog_file_filter_opt @-> int @-> string @-> bool @-> returning void, dialog_file_callback -> ptr void -> window option -> dialog_file_filter option -> int -> string -> bool -> unit
3.2.0, SDL_ShowOpenFolderDialog, Dialog, Dialog, show_open_folder, dialog_file_callback @-> ptr void @-> window_opt @-> string @-> bool @-> returning void, dialog_file_callback -> ptr void -> window option -> string -> bool -> unit
3.2.0, SDL_ShowSaveFileDialog, Dialog, Dialog, show_save_file, dialog_file_callback @-> ptr void @-> window_opt @-> dialog_file_filter_opt @-> int @-> string @-> returning void, dialog_file_callback -> ptr void -> window option -> dialog_file_filter option -> int -> string -> unit
3.2.0, SDL_ShowSimpleMessageBox, Messagebox, , show_simple_message_box, message_box_flags @-> string @-> string @-> window_opt @-> returning true_to_ok, int -> string -> string -> window option -> unit result
3.2.0, SDL_ShowWindow, Video, Window, show, window @-> returning true_to_ok, window -> unit result
3.2.0, SDL_ShowWindowSystemMenu, Video, Window, show_system_menu, window @-> int @-> int @-> returning true_to_ok, window -> int -> int -> unit result
3.2.0, SDL_SignalAsyncIOQueue, Asyncio, AsyncIO, signal_queue, async_io_queue @-> returning void, async_io_queue -> unit
3.2.0, SDL_SignalCondition, Mutex, Condition, signal, condition @-> returning void, condition -> unit
3.2.0, SDL_SignalSemaphore, Mutex, Semaphore, signal, semaphore @-> returning void, semaphore -> unit
3.2.0, SDL_StartTextInput, Keyboard, , start_text_input, window @-> returning true_to_ok, window -> unit result
3.2.0, SDL_StartTextInputWithProperties, Keyboard, , start_text_input_with_properties, window @-> properties_id @-> returning true_to_ok, window -> int -> unit result
3.2.0, SDL_StepBackUTF8, Stdinc, , step_back_utf8, string @-> ptr string @-> returning int_as_uint, string -> ptr string -> int
3.2.0, SDL_StepUTF8, Stdinc, , step_utf8, ptr string @-> ptr_opt size_t @-> returning int_as_uint, ptr string -> ptr_opt size_t -> int
3.2.0, SDL_StopHapticEffect, Haptic, Haptic, stop_effect, haptic @-> haptic_effect_id @-> returning true_to_ok, haptic -> haptic_effect_id (* int *) -> unit result
3.2.0, SDL_StopHapticEffects, Haptic, Haptic, stop_effects, haptic @-> returning true_to_ok, haptic -> unit result
3.2.0, SDL_StopHapticRumble, Haptic, Haptic, stop_rumble, haptic @-> returning true_to_ok, haptic -> unit result
3.2.0, SDL_StopTextInput, Keyboard, , stop_text_input, window @-> returning true_to_ok, window -> unit result
3.2.0, SDL_StorageReady, Storage, Storage, ready, storage @-> returning true_to_ok, storage -> unit result
3.2.0, SDL_StringToGUID, Guid, GUID, string_to, string @-> returning guid, string -> guid
3.2.0, SDL_SubmitGPUCommandBuffer, Gpu, GPUCommandBuffer, submit, gpu_command_buffer @-> returning true_to_ok, gpu_command_buffer -> unit result
3.2.0, SDL_SubmitGPUCommandBufferAndAcquireFence, Gpu, GPUCommandBuffer, submit_and_acquire_fence, gpu_command_buffer @-> returning (some_to_ok gpu_fence_opt), gpu_command_buffer -> (gpu_fence option) result
3.2.0, SDL_SurfaceHasAlternateImages, Surface, Surface, has_alternate_images, surface @-> returning bool, surface -> bool
3.2.0, SDL_SurfaceHasColorKey, Surface, Surface, has_color_key, surface @-> returning bool, surface -> bool
3.2.0, SDL_SurfaceHasRLE, Surface, Surface, has_rle, surface @-> returning bool, surface -> bool
3.2.0, SDL_SyncWindow, Video, Window, sync, window @-> returning true_to_ok, window -> unit result
3.2.0, SDL_TellIO, Iostream, , tell_io, io_stream @-> returning sint64, io_stream -> int
3.2.0, SDL_TextInputActive, Keyboard, , text_input_active, window @-> returning true_to_ok, window -> unit result
3.2.0, SDL_TimeFromWindows, Time, Time, from_windows, uint32 @-> uint32 @-> returning time, int -> int -> int
3.2.0, SDL_TimeToDateTime, Time, Time, to_date_time, time @-> ptr date_time @-> bool @-> returning true_to_ok, int -> ptr date_time -> bool -> unit result
3.2.0, SDL_TimeToWindows, Time, Time, to_windows, time @-> ptr uint32 @-> ptr uint32 @-> returning void, int -> int * int
3.2.0, SDL_TryLockMutex, Mutex, Mutex, try_lock, mutex @-> returning true_to_ok, mutex -> unit result
3.2.0, SDL_TryLockRWLockForReading, Mutex, RWLock, try_lock_for_reading, rw_lock @-> returning true_to_ok, rw_lock -> unit result
3.2.0, SDL_TryLockRWLockForWriting, Mutex, RWLock, try_lock_for_writing, rw_lock @-> returning true_to_ok, rw_lock -> unit result
3.2.0, SDL_TryLockSpinlock, Atomic, , try_lock_spinlock, ptr spin_lock @-> returning true_to_ok, ptr spin_lock -> unit result
3.2.0, SDL_TryWaitSemaphore, Mutex, Semaphore, try_wait, semaphore @-> returning true_to_ok, semaphore -> unit result
3.2.0, SDL_UCS4ToUTF8, Stdinc, , ucs4_to_utf8, uint32 @-> string @-> returning string, int -> string -> string
3.2.0, SDL_UnbindAudioStream, Audio, AudioStream, unbind, audio_stream_opt @-> returning void, audio_stream option -> unit
3.2.0, SDL_UnbindAudioStreams, Audio, Audio, unbind_streams, ptr_opt audio_stream @-> int @-> returning void, audio_stream array -> unit
3.2.0, SDL_UnloadObject, Loadso, , unload_object, shared_object @-> returning void, shared_object -> unit
3.2.0, SDL_UnlockAudioStream, Audio, AudioStream, unlock, audio_stream @-> returning true_to_ok, audio_stream -> unit result
3.2.0, SDL_UnlockJoysticks, Joystick, Joystick, unlocks, void @-> returning void, unit -> unit
3.2.0, SDL_UnlockMutex, Mutex, Mutex, unlock, mutex @-> returning void, mutex -> unit
3.2.0, SDL_UnlockProperties, Properties, Properties, unlock, properties_id @-> returning void, int -> unit
3.2.0, SDL_UnlockRWLock, Mutex, RWLock, unlock, rw_lock @-> returning void, rw_lock -> unit
3.2.0, SDL_UnlockSpinlock, Atomic, , unlock_spinlock, ptr spin_lock @-> returning void, ptr spin_lock -> unit
3.2.0, SDL_UnlockSurface, Surface, Surface, unlock, surface @-> returning void, surface -> unit
3.2.0, SDL_UnlockTexture, Render, Texture, unlock, texture @-> returning void, texture -> unit
3.2.0, SDL_UnmapGPUTransferBuffer, Gpu, GPU, unmap_transfer_buffer, gpu_device @-> gpu_transfer_buffer @-> returning void, gpu_device -> gpu_transfer_buffer -> unit
3.2.0, SDL_UnsetEnvironmentVariable, Stdinc, Environment, unset_variable, environment @-> string @-> returning true_to_ok, environment -> string -> unit result
3.2.0, SDL_UpdateGamepads, Gamepad, Gamepad, updates, void @-> returning void, unit -> unit
3.2.0, SDL_UpdateHapticEffect, Haptic, Haptic, update_effect, haptic @-> haptic_effect_id @-> ptr haptic_effect @-> returning true_to_ok, haptic -> haptic_effect_id (* int *) -> ptr haptic_effect -> unit result
3.2.0, SDL_UpdateJoysticks, Joystick, Joystick, updates, void @-> returning void, unit -> unit
3.2.0, SDL_UpdateNVTexture, Render, Texture, update_nv, texture @-> rect_opt @-> ptr uint8 @-> int @-> ptr uint8 @-> int @-> returning true_to_ok, texture -> rect option -> ptr uint8 -> int -> ptr uint8 -> int -> unit result
3.2.0, SDL_UpdateSensors, Sensor, Sensor, updates, void @-> returning void, unit -> unit
3.2.0, SDL_UpdateTexture, Render, Texture, update, texture @-> rect_opt @-> ptr void @-> int @-> returning true_to_ok, texture -> rect option -> ptr void -> int -> unit result
3.2.0, SDL_UpdateTrays, Tray, Tray, updates, void @-> returning void, unit -> unit
3.2.0, SDL_UpdateWindowSurface, Video, Window, update_surface, window @-> returning true_to_ok, window -> unit result
3.2.0, SDL_UpdateWindowSurfaceRects, Video, Window, update_surface_rects, window @-> ptr rect @-> int @-> returning true_to_ok, window -> ptr rect -> int -> unit result
3.2.0, SDL_UpdateYUVTexture, Render, Texture, update_yuv, texture @-> rect_opt @-> ptr uint8 @-> int @-> ptr uint8 @-> int @-> ptr uint8 @-> int @-> returning true_to_ok, texture -> rect option -> ptr uint8 -> int -> ptr uint8 -> int -> ptr uint8 -> int -> unit result
3.2.0, SDL_UploadToGPUBuffer, Gpu, GPU, upload_to_buffer, gpu_copy_pass @-> ptr gpu_transfer_buffer_location @-> ptr gpu_buffer_region @-> bool @-> returning void, gpu_copy_pass -> ptr gpu_transfer_buffer_location -> ptr gpu_buffer_region -> bool -> unit
3.2.0, SDL_UploadToGPUTexture, Gpu, GPU, upload_to_texture, gpu_copy_pass @-> ptr gpu_texture_transfer_info @-> ptr gpu_texture_region @-> bool @-> returning void, gpu_copy_pass -> ptr gpu_texture_transfer_info -> ptr gpu_texture_region -> bool -> unit
3.2.0, SDL_WaitAndAcquireGPUSwapchainTexture, Gpu, GPU, wait_and_acquire_swapchain_texture, gpu_command_buffer @-> window @-> ptr gpu_texture @-> ptr uint32 @-> ptr uint32 @-> returning bool, gpu_command_buffer -> window -> ptr gpu_texture -> (int * int) result
3.2.0, SDL_WaitAsyncIOResult, Asyncio, AsyncIO, wait_result, async_io_queue @-> async_io_outcome_opt @-> sint32 @-> returning true_to_ok, async_io_queue -> async_io_outcome option -> sint32 (* int *) -> unit result
3.2.0, SDL_WaitCondition, Mutex, Condition, wait, condition @-> mutex @-> returning void, condition -> mutex -> unit
3.2.0, SDL_WaitConditionTimeout, Mutex, Condition, wait_timeout, condition @-> mutex @-> sint32 @-> returning true_to_ok, condition -> mutex -> sint32 (* int *) -> unit result
3.2.0, SDL_WaitEvent, Events, Event, wait, event_opt @-> returning true_to_ok, event option -> unit result
3.2.0, SDL_WaitEventTimeout, Events, Event, wait_timeout, event_opt @-> sint32 @-> returning true_to_ok, event option -> sint32 (* int *) -> unit result
3.2.0, SDL_WaitForGPUFences, Gpu, GPU, wait_for_fences, gpu_device @-> bool @-> ptr gpu_fence @-> uint32 @-> returning true_to_ok, gpu_device -> bool -> gpu_fence array -> unit result
3.2.0, SDL_WaitForGPUIdle, Gpu, GPU, wait_for_idle, gpu_device @-> returning true_to_ok, gpu_device -> unit result
3.2.0, SDL_WaitForGPUSwapchain, Gpu, GPU, wait_for_swapchain, gpu_device @-> window @-> returning true_to_ok, gpu_device -> window -> unit result
3.2.0, SDL_WaitProcess, Process, Process, wait, process @-> bool @-> ptr int @-> returning bool, process -> bool -> int
3.2.0, SDL_WaitSemaphore, Mutex, Semaphore, wait, semaphore @-> returning void, semaphore -> unit
3.2.0, SDL_WaitSemaphoreTimeout, Mutex, Semaphore, wait_timeout, semaphore @-> sint32 @-> returning true_to_ok, semaphore -> sint32 (* int *) -> unit result
3.2.0, SDL_WaitThread, Thread, Thread, wait, thread @-> ptr int @-> returning void, thread -> int
3.2.0, SDL_WarpMouseGlobal, Mouse, Mouse, warp_global, float @-> float @-> returning true_to_ok, float -> float -> unit result
3.2.0, SDL_WarpMouseInWindow, Mouse, Window, warp_mouse_in, window_opt @-> float @-> float @-> returning void, window option -> float -> float -> unit
3.2.0, SDL_WasInit, Init, , was_init, init_flags @-> returning int_as_uint, int -> int
3.2.0, SDL_WindowHasSurface, Video, Window, has_surface, window @-> returning bool, window -> bool
3.2.0, SDL_WindowSupportsGPUPresentMode, Gpu, GPU, window_supports_present_mode, gpu_device @-> window @-> gpu_present_mode @-> returning bool, gpu_device -> window -> gpu_present_mode -> bool
3.2.0, SDL_WindowSupportsGPUSwapchainComposition, Gpu, GPU, window_supports_swapchain_composition, gpu_device @-> window @-> gpu_swapchain_composition @-> returning bool, gpu_device -> window -> gpu_swapchain_composition -> bool
3.2.0, SDL_WriteAsyncIO, Asyncio, AsyncIO, write, async_io @-> ptr void @-> uint64 @-> uint64 @-> async_io_queue @-> ptr void @-> returning true_to_ok, async_io -> ptr void -> int64 -> int64 -> async_io_queue -> ptr void -> unit result
3.2.0, SDL_WriteIO, Iostream, , write_io, io_stream @-> ptr void @-> size_t @-> returning size_t, io_stream -> ptr void -> int -> int
3.2.0, SDL_WriteS16BE, Iostream, , write_s16_be, io_stream @-> sint16 @-> returning true_to_ok, io_stream -> int -> unit result
3.2.0, SDL_WriteS16LE, Iostream, , write_s16_le, io_stream @-> sint16 @-> returning true_to_ok, io_stream -> int -> unit result
3.2.0, SDL_WriteS32BE, Iostream, , write_s32_be, io_stream @-> sint32 @-> returning true_to_ok, io_stream -> sint32 (* int *) -> unit result
3.2.0, SDL_WriteS32LE, Iostream, , write_s32_le, io_stream @-> sint32 @-> returning true_to_ok, io_stream -> sint32 (* int *) -> unit result
3.2.0, SDL_WriteS64BE, Iostream, , write_s64_be, io_stream @-> sint64 @-> returning true_to_ok, io_stream -> int -> unit result
3.2.0, SDL_WriteS64LE, Iostream, , write_s64_le, io_stream @-> sint64 @-> returning true_to_ok, io_stream -> int -> unit result
3.2.0, SDL_WriteS8, Iostream, , write_s8, io_stream @-> sint8 @-> returning true_to_ok, io_stream -> int -> unit result
3.2.0, SDL_WriteStorageFile, Storage, Storage, write_file, storage @-> string @-> ptr void @-> uint64 @-> returning true_to_ok, storage -> string -> ptr void -> int64 -> unit result
3.2.0, SDL_WriteSurfacePixel, Surface, Surface, write_pixel, surface @-> int @-> int @-> uint8 @-> uint8 @-> uint8 @-> uint8 @-> returning true_to_ok, surface -> int -> int -> int -> int -> int -> int -> unit result
3.2.0, SDL_WriteSurfacePixelFloat, Surface, Surface, write_pixel_float, surface @-> int @-> int @-> float @-> float @-> float @-> float @-> returning true_to_ok, surface -> int -> int -> float -> float -> float -> float -> unit result
3.2.0, SDL_WriteU16BE, Iostream, , write_u16_be, io_stream @-> uint16 @-> returning true_to_ok, io_stream -> int -> unit result
3.2.0, SDL_WriteU16LE, Iostream, , write_u16_le, io_stream @-> uint16 @-> returning true_to_ok, io_stream -> int -> unit result
3.2.0, SDL_WriteU32BE, Iostream, , write_u32_be, io_stream @-> uint32 @-> returning true_to_ok, io_stream -> int -> unit result
3.2.0, SDL_WriteU32LE, Iostream, , write_u32_le, io_stream @-> uint32 @-> returning true_to_ok, io_stream -> int -> unit result
3.2.0, SDL_WriteU64BE, Iostream, , write_u64_be, io_stream @-> uint64 @-> returning true_to_ok, io_stream -> int64 -> unit result
3.2.0, SDL_WriteU64LE, Iostream, , write_u64_le, io_stream @-> uint64 @-> returning true_to_ok, io_stream -> int64 -> unit result
3.2.0, SDL_WriteU8, Iostream, , write_u8, io_stream @-> uint8 @-> returning true_to_ok, io_stream -> int -> unit result
3.2.0, SDL_abs, Stdinc, , abs, int @-> returning int, int -> int
3.2.0, SDL_acos, Stdinc, , acos, double @-> returning double, float -> float
3.2.0, SDL_acosf, Stdinc, , acosf, float @-> returning float, float -> float
3.2.0, SDL_aligned_alloc, Stdinc, , aligned_alloc, size_t @-> size_t @-> returning (ptr void), int -> int -> ptr void
3.2.0, SDL_aligned_free, Stdinc, , aligned_free, ptr void @-> returning void, ptr void -> unit
3.2.0, SDL_asin, Stdinc, , asin, double @-> returning double, float -> float
3.2.0, SDL_asinf, Stdinc, , asinf, float @-> returning float, float -> float
3.2.0, SDL_atan, Stdinc, , atan, double @-> returning double, float -> float
3.2.0, SDL_atan2, Stdinc, , atan2, double @-> double @-> returning double, float -> float -> float
3.2.0, SDL_atan2f, Stdinc, , atan2f, float @-> float @-> returning float, float -> float -> float
3.2.0, SDL_atanf, Stdinc, , atanf, float @-> returning float, float -> float
3.2.0, SDL_atof, Stdinc, , atof, string @-> returning double, string -> float
3.2.0, SDL_atoi, Stdinc, , atoi, string @-> returning int, string -> int
3.2.0, SDL_bsearch, Stdinc, , bsearch, ptr void @-> ptr void @-> size_t @-> size_t @-> compare_callback @-> returning (ptr void), ptr void -> ptr void -> int -> int -> compare_callback -> ptr void
3.2.0, SDL_bsearch_r, Stdinc, , bsearch_r, ptr void @-> ptr void @-> size_t @-> size_t @-> compare_callback_r @-> ptr void @-> returning (ptr void), ptr void -> ptr void -> int -> int -> compare_callback_r -> ptr void -> ptr void
3.2.0, SDL_calloc, Stdinc, , calloc, size_t @-> size_t @-> returning (ptr void), int -> int -> ptr void
3.2.0, SDL_ceil, Stdinc, , ceil, double @-> returning double, float -> float
3.2.0, SDL_ceilf, Stdinc, , ceilf, float @-> returning float, float -> float
3.2.0, SDL_copysign, Stdinc, , copysign, double @-> double @-> returning double, float -> float -> float
3.2.0, SDL_copysignf, Stdinc, , copysignf, float @-> float @-> returning float, float -> float -> float
3.2.0, SDL_cos, Stdinc, , cos, double @-> returning double, float -> float
3.2.0, SDL_cosf, Stdinc, , cosf, float @-> returning float, float -> float
3.2.0, SDL_crc16, Stdinc, , crc16, uint16 @-> ptr void @-> size_t @-> returning int_as_ushort, int -> ptr void -> int -> int
3.2.0, SDL_crc32, Stdinc, , crc32, uint32 @-> ptr void @-> size_t @-> returning int_as_uint, int -> ptr void -> int -> int
3.2.0, SDL_exp, Stdinc, , exp, double @-> returning double, float -> float
3.2.0, SDL_expf, Stdinc, , expf, float @-> returning float, float -> float
3.2.0, SDL_fabs, Stdinc, , fabs, double @-> returning double, float -> float
3.2.0, SDL_fabsf, Stdinc, , fabsf, float @-> returning float, float -> float
3.2.0, SDL_floor, Stdinc, , floor, double @-> returning double, float -> float
3.2.0, SDL_floorf, Stdinc, , floorf, float @-> returning float, float -> float
3.2.0, SDL_fmod, Stdinc, , fmod, double @-> double @-> returning double, float -> float -> float
3.2.0, SDL_fmodf, Stdinc, , fmodf, float @-> float @-> returning float, float -> float -> float
3.2.0, SDL_free, Stdinc, , free, ptr void @-> returning void, ptr void -> unit
3.2.0, SDL_getenv, Stdinc, , getenv, string @-> returning string, string -> string
3.2.0, SDL_getenv_unsafe, Stdinc, , getenv_unsafe, string @-> returning string, string -> string
3.2.0, SDL_hid_ble_scan, Hidapi, , hid_ble_scan, bool @-> returning void, bool -> unit
3.2.0, SDL_hid_close, Hidapi, , hid_close, hid_device @-> returning int, hid_device -> int
3.2.0, SDL_hid_device_change_count, Hidapi, , hid_device_change_count, void @-> returning int_as_uint, unit -> int
3.2.0, SDL_hid_enumerate, Hidapi, , hid_enumerate, ushort @-> ushort @-> returning (ptr hid_device_info), int -> int -> ptr hid_device_info
3.2.0, SDL_hid_exit, Hidapi, , hid_exit, void @-> returning int, unit -> int
3.2.0, SDL_hid_free_enumeration, Hidapi, , hid_free_enumeration, ptr hid_device_info @-> returning void, ptr hid_device_info -> unit
3.2.0, SDL_hid_get_device_info, Hidapi, , hid_get_device_info, hid_device @-> returning (ptr hid_device_info), hid_device -> ptr hid_device_info
3.2.0, SDL_hid_get_feature_report, Hidapi, , hid_get_feature_report, hid_device @-> ptr uchar @-> size_t @-> returning int, hid_device -> ptr uchar -> int -> int
3.2.0, SDL_hid_get_indexed_string, Hidapi, , hid_get_indexed_string, hid_device @-> int @-> ptr int32_t @-> size_t @-> returning int, hid_device -> int -> ptr int32_t -> int -> int
3.2.0, SDL_hid_get_input_report, Hidapi, , hid_get_input_report, hid_device @-> ptr uchar @-> size_t @-> returning int, hid_device -> ptr uchar -> int -> int
3.2.0, SDL_hid_get_manufacturer_string, Hidapi, , hid_get_manufacturer_string, hid_device @-> ptr int32_t @-> size_t @-> returning int, hid_device -> ptr int32_t -> int -> int
3.2.0, SDL_hid_get_product_string, Hidapi, , hid_get_product_string, hid_device @-> ptr int32_t @-> size_t @-> returning int, hid_device -> ptr int32_t -> int -> int
3.2.0, SDL_hid_get_report_descriptor, Hidapi, , hid_get_report_descriptor, hid_device @-> ptr uchar @-> size_t @-> returning int, hid_device -> ptr uchar -> int -> int
3.2.0, SDL_hid_get_serial_number_string, Hidapi, , hid_get_serial_number_string, hid_device @-> ptr int32_t @-> size_t @-> returning int, hid_device -> ptr int32_t -> int -> int
3.2.0, SDL_hid_init, Hidapi, , hid_init, void @-> returning int, unit -> int
3.2.0, SDL_hid_open, Hidapi, , hid_open, ushort @-> ushort @-> ptr_opt int32_t @-> returning (some_to_ok hid_device_opt), int -> int -> ptr_opt int32_t -> (hid_device option) result
3.2.0, SDL_hid_open_path, Hidapi, , hid_open_path, string @-> returning (some_to_ok hid_device_opt), string -> (hid_device option) result
3.2.0, SDL_hid_read, Hidapi, , hid_read, hid_device @-> ptr uchar @-> size_t @-> returning int, hid_device -> ptr uchar -> int -> int
3.2.0, SDL_hid_read_timeout, Hidapi, , hid_read_timeout, hid_device @-> ptr uchar @-> size_t @-> int @-> returning int, hid_device -> ptr uchar -> int -> int -> int
3.2.0, SDL_hid_send_feature_report, Hidapi, , hid_send_feature_report, hid_device @-> ptr uchar @-> size_t @-> returning int, hid_device -> ptr uchar -> int -> int
3.2.0, SDL_hid_set_nonblocking, Hidapi, , hid_set_nonblocking, hid_device @-> int @-> returning int, hid_device -> int -> int
3.2.0, SDL_hid_write, Hidapi, , hid_write, hid_device @-> ptr uchar @-> size_t @-> returning int, hid_device -> ptr uchar -> int -> int
3.2.0, SDL_iconv, Stdinc, , iconv, iconv_t @-> ptr string @-> ptr size_t @-> ptr string @-> ptr size_t @-> returning size_t, iconv_t -> ptr string -> ptr size_t -> ptr string -> ptr size_t -> int
3.2.0, SDL_iconv_close, Stdinc, , iconv_close, iconv_t @-> returning int, iconv_t -> int
3.2.0, SDL_iconv_open, Stdinc, , iconv_open, string @-> string @-> returning iconv_t, string -> string -> iconv_t
3.2.0, SDL_iconv_string, Stdinc, , iconv_string, string @-> string @-> string @-> size_t @-> returning string, string -> string -> string -> int -> string
3.2.0, SDL_isalnum, Stdinc, , isalnum, int @-> returning int, int -> int
3.2.0, SDL_isalpha, Stdinc, , isalpha, int @-> returning int, int -> int
3.2.0, SDL_isblank, Stdinc, , isblank, int @-> returning int, int -> int
3.2.0, SDL_iscntrl, Stdinc, , iscntrl, int @-> returning int, int -> int
3.2.0, SDL_isdigit, Stdinc, , isdigit, int @-> returning int, int -> int
3.2.0, SDL_isgraph, Stdinc, , isgraph, int @-> returning int, int -> int
3.2.0, SDL_isinf, Stdinc, , isinf, double @-> returning int, float -> int
3.2.0, SDL_isinff, Stdinc, , isinff, float @-> returning int, float -> int
3.2.0, SDL_islower, Stdinc, , islower, int @-> returning int, int -> int
3.2.0, SDL_isnan, Stdinc, , isnan, double @-> returning int, float -> int
3.2.0, SDL_isnanf, Stdinc, , isnanf, float @-> returning int, float -> int
3.2.0, SDL_isprint, Stdinc, , isprint, int @-> returning int, int -> int
3.2.0, SDL_ispunct, Stdinc, , ispunct, int @-> returning int, int -> int
3.2.0, SDL_isspace, Stdinc, , isspace, int @-> returning int, int -> int
3.2.0, SDL_isupper, Stdinc, , isupper, int @-> returning int, int -> int
3.2.0, SDL_isxdigit, Stdinc, , isxdigit, int @-> returning int, int -> int
3.2.0, SDL_itoa, Stdinc, , itoa, int @-> string @-> int @-> returning string, int -> string -> int -> string
3.2.0, SDL_lltoa, Stdinc, , lltoa, llong @-> string @-> int @-> returning string, Signed.llong -> string -> int -> string
3.2.0, SDL_log, Stdinc, , log, double @-> returning double, float -> float
3.2.0, SDL_log10, Stdinc, , log10, double @-> returning double, float -> float
3.2.0, SDL_log10f, Stdinc, , log10f, float @-> returning float, float -> float
3.2.0, SDL_logf, Stdinc, , logf, float @-> returning float, float -> float
3.2.0, SDL_lround, Stdinc, , lround, double @-> returning long, float -> int
3.2.0, SDL_lroundf, Stdinc, , lroundf, float @-> returning long, float -> int
3.2.0, SDL_ltoa, Stdinc, , ltoa, long @-> string @-> int @-> returning string, int -> string -> int -> string
3.2.0, SDL_malloc, Stdinc, , malloc, size_t @-> returning (ptr void), int -> ptr void
3.2.0, SDL_memcmp, Stdinc, , memcmp, ptr void @-> ptr void @-> size_t @-> returning int, ptr void -> ptr void -> int -> int
3.2.0, SDL_memcpy, Stdinc, , memcpy, ptr void @-> ptr void @-> size_t @-> returning (ptr void), ptr void -> ptr void -> int -> ptr void
3.2.0, SDL_memmove, Stdinc, , memmove, ptr void @-> ptr void @-> size_t @-> returning (ptr void), ptr void -> ptr void -> int -> ptr void
3.2.0, SDL_memset, Stdinc, , memset, ptr void @-> int @-> size_t @-> returning (ptr void), ptr void -> int -> int -> ptr void
3.2.0, SDL_memset4, Stdinc, , memset4, ptr void @-> uint32 @-> size_t @-> returning (ptr void), ptr void -> int -> int -> ptr void
3.2.0, SDL_modf, Stdinc, , modf, double @-> ptr double @-> returning double, float -> ptr double -> float
3.2.0, SDL_modff, Stdinc, , modff, float @-> ptr float @-> returning float, float -> float
3.2.0, SDL_murmur3_32, Stdinc, , murmur3_32, ptr void @-> size_t @-> uint32 @-> returning int_as_uint, ptr void -> int -> int -> int
3.2.0, SDL_pow, Stdinc, , pow, double @-> double @-> returning double, float -> float -> float
3.2.0, SDL_powf, Stdinc, , powf, float @-> float @-> returning float, float -> float -> float
3.2.0, SDL_qsort, Stdinc, , qsort, ptr void @-> size_t @-> size_t @-> compare_callback @-> returning void, ptr void -> int -> int -> compare_callback -> unit
3.2.0, SDL_qsort_r, Stdinc, , qsort_r, ptr void @-> size_t @-> size_t @-> compare_callback_r @-> ptr void @-> returning void, ptr void -> int -> int -> compare_callback_r -> ptr void -> unit
3.2.0, SDL_rand, Stdinc, , rand, sint32 @-> returning sint32, sint32 (* int *) -> sint32 (* int *)
3.2.0, SDL_rand_bits, Stdinc, , rand_bits, void @-> returning int_as_uint, unit -> int
3.2.0, SDL_rand_bits_r, Stdinc, , rand_bits_r, ptr uint64 @-> returning int_as_uint, unit -> int64
3.2.0, SDL_rand_r, Stdinc, , rand_r, ptr uint64 @-> sint32 @-> returning sint32, ptr uint64 -> sint32 (* int *) -> sint32 (* int *)
3.2.0, SDL_randf, Stdinc, , randf, void @-> returning float, unit -> float
3.2.0, SDL_randf_r, Stdinc, , randf_r, ptr uint64 @-> returning float, unit -> int64
3.2.0, SDL_realloc, Stdinc, , realloc, ptr void @-> size_t @-> returning (ptr void), ptr void -> int -> ptr void
3.2.0, SDL_round, Stdinc, , round, double @-> returning double, float -> float
3.2.0, SDL_roundf, Stdinc, , roundf, float @-> returning float, float -> float
3.2.0, SDL_scalbn, Stdinc, , scalbn, double @-> int @-> returning double, float -> int -> float
3.2.0, SDL_scalbnf, Stdinc, , scalbnf, float @-> int @-> returning float, float -> int -> float
3.2.0, SDL_setenv_unsafe, Stdinc, , setenv_unsafe, string @-> string @-> int @-> returning int, string -> string -> int -> int
3.2.0, SDL_sin, Stdinc, , sin, double @-> returning double, float -> float
3.2.0, SDL_sinf, Stdinc, , sinf, float @-> returning float, float -> float
3.2.0, SDL_sqrt, Stdinc, , sqrt, double @-> returning double, float -> float
3.2.0, SDL_sqrtf, Stdinc, , sqrtf, float @-> returning float, float -> float
3.2.0, SDL_srand, Stdinc, , srand, uint64 @-> returning void, int64 -> unit
3.2.0, SDL_strcasecmp, Stdinc, , strcasecmp, string @-> string @-> returning int, string -> string -> int
3.2.0, SDL_strcasestr, Stdinc, , strcasestr, string @-> string @-> returning string, string -> string -> string
3.2.0, SDL_strchr, Stdinc, , strchr, string @-> int @-> returning string, string -> int -> string
3.2.0, SDL_strcmp, Stdinc, , strcmp, string @-> string @-> returning int, string -> string -> int
3.2.0, SDL_strdup, Stdinc, , strdup, string @-> returning string, string -> string
3.2.0, SDL_strlcat, Stdinc, , strlcat, string @-> string @-> size_t @-> returning size_t, string -> string -> int -> int
3.2.0, SDL_strlcpy, Stdinc, , strlcpy, string @-> string @-> size_t @-> returning size_t, string -> string -> int -> int
3.2.0, SDL_strlen, Stdinc, , strlen, string @-> returning size_t, string -> int
3.2.0, SDL_strlwr, Stdinc, , strlwr, string @-> returning string, string -> string
3.2.0, SDL_strncasecmp, Stdinc, , strncasecmp, string @-> string @-> size_t @-> returning int, string -> string -> int -> int
3.2.0, SDL_strncmp, Stdinc, , strncmp, string @-> string @-> size_t @-> returning int, string -> string -> int -> int
3.2.0, SDL_strndup, Stdinc, , strndup, string @-> size_t @-> returning string, string -> int -> string
3.2.0, SDL_strnlen, Stdinc, , strnlen, string @-> size_t @-> returning size_t, string -> int -> int
3.2.0, SDL_strnstr, Stdinc, , strnstr, string @-> string @-> size_t @-> returning string, string -> string -> int -> string
3.2.0, SDL_strpbrk, Stdinc, , strpbrk, string @-> string @-> returning string, string -> string -> string
3.2.0, SDL_strrchr, Stdinc, , strrchr, string @-> int @-> returning string, string -> int -> string
3.2.0, SDL_strrev, Stdinc, , strrev, string @-> returning string, string -> string
3.2.0, SDL_strstr, Stdinc, , strstr, string @-> string @-> returning string, string -> string -> string
3.2.0, SDL_strtod, Stdinc, , strtod, string @-> ptr_opt string @-> returning double, string -> ptr_opt string -> float
3.2.0, SDL_strtok_r, Stdinc, , strtok_r, string @-> string @-> ptr string @-> returning string, string -> string -> ptr string -> string
3.2.0, SDL_strtol, Stdinc, , strtol, string @-> ptr_opt string @-> int @-> returning long, string -> ptr_opt string -> int -> int
3.2.0, SDL_strtoll, Stdinc, , strtoll, string @-> ptr_opt string @-> int @-> returning int64_as_llong, string -> ptr_opt string -> int -> int64
3.2.0, SDL_strtoul, Stdinc, , strtoul, string @-> ptr_opt string @-> int @-> returning int64_as_ulong, string -> ptr_opt string -> int -> int64
3.2.0, SDL_strtoull, Stdinc, , strtoull, string @-> ptr_opt string @-> int @-> returning int64_as_ullong, string -> ptr_opt string -> int -> int64
3.2.0, SDL_strupr, Stdinc, , strupr, string @-> returning string, string -> string
3.2.0, SDL_tan, Stdinc, , tan, double @-> returning double, float -> float
3.2.0, SDL_tanf, Stdinc, , tanf, float @-> returning float, float -> float
3.2.0, SDL_tolower, Stdinc, , tolower, int @-> returning int, int -> int
3.2.0, SDL_toupper, Stdinc, , toupper, int @-> returning int, int -> int
3.2.0, SDL_trunc, Stdinc, , trunc, double @-> returning double, float -> float
3.2.0, SDL_truncf, Stdinc, , truncf, float @-> returning float, float -> float
3.2.0, SDL_uitoa, Stdinc, , uitoa, uint @-> string @-> int @-> returning string, int -> string -> int -> string
3.2.0, SDL_ulltoa, Stdinc, , ulltoa, ullong @-> string @-> int @-> returning string, Unsigned.ullong -> string -> int -> string
3.2.0, SDL_ultoa, Stdinc, , ultoa, ulong @-> string @-> int @-> returning string, int64 -> string -> int -> string
3.2.0, SDL_unsetenv_unsafe, Stdinc, , unsetenv_unsafe, string @-> returning int, string -> int
3.2.0, SDL_utf8strlcpy, Stdinc, , utf8strlcpy, string @-> string @-> size_t @-> returning size_t, string -> string -> int -> int
3.2.0, SDL_utf8strlen, Stdinc, , utf8strlen, string @-> returning size_t, string -> int
3.2.0, SDL_utf8strnlen, Stdinc, , utf8strnlen, string @-> size_t @-> returning size_t, string -> int -> int
3.2.0, SDL_wcscasecmp, Stdinc, , wcscasecmp, ptr_opt int32_t @-> ptr_opt int32_t @-> returning int, ptr_opt int32_t -> ptr_opt int32_t -> int
3.2.0, SDL_wcscmp, Stdinc, , wcscmp, ptr_opt int32_t @-> ptr_opt int32_t @-> returning int, ptr_opt int32_t -> ptr_opt int32_t -> int
3.2.0, SDL_wcsdup, Stdinc, , wcsdup, ptr int32_t @-> returning (ptr int32_t), ptr int32_t -> ptr int32_t
3.2.0, SDL_wcslcat, Stdinc, , wcslcat, ptr_opt int32_t @-> ptr_opt int32_t @-> size_t @-> returning size_t, ptr_opt int32_t -> ptr_opt int32_t -> int -> int
3.2.0, SDL_wcslcpy, Stdinc, , wcslcpy, ptr_opt int32_t @-> ptr_opt int32_t @-> size_t @-> returning size_t, ptr_opt int32_t -> ptr_opt int32_t -> int -> int
3.2.0, SDL_wcslen, Stdinc, , wcslen, ptr_opt int32_t @-> returning size_t, ptr_opt int32_t -> int
3.2.0, SDL_wcsncasecmp, Stdinc, , wcsncasecmp, ptr_opt int32_t @-> ptr_opt int32_t @-> size_t @-> returning int, ptr_opt int32_t -> ptr_opt int32_t -> int -> int
3.2.0, SDL_wcsncmp, Stdinc, , wcsncmp, ptr_opt int32_t @-> ptr_opt int32_t @-> size_t @-> returning int, ptr_opt int32_t -> ptr_opt int32_t -> int -> int
3.2.0, SDL_wcsnlen, Stdinc, , wcsnlen, ptr_opt int32_t @-> size_t @-> returning size_t, ptr_opt int32_t -> int -> int
3.2.0, SDL_wcsnstr, Stdinc, , wcsnstr, ptr_opt int32_t @-> ptr_opt int32_t @-> size_t @-> returning (ptr int32_t), ptr_opt int32_t -> ptr_opt int32_t -> int -> ptr int32_t
3.2.0, SDL_wcsstr, Stdinc, , wcsstr, ptr_opt int32_t @-> ptr_opt int32_t @-> returning (ptr int32_t), ptr_opt int32_t -> ptr_opt int32_t -> ptr int32_t
3.2.0, SDL_wcstol, Stdinc, , wcstol, ptr_opt int32_t @-> ptr_opt (ptr int32_t) @-> int @-> returning long, ptr_opt int32_t -> ptr_opt (ptr int32_t) -> int -> int
3.4.0, SDL_AddAtomicU32, Atomic, AtomicU32, add, atomic_u32 @-> int @-> returning int_as_uint, atomic_u32 -> int -> int
3.4.0, SDL_CreateAnimatedCursor, Mouse, Cursor, create_animated, ptr cursor_frame_info @-> int @-> int @-> int @-> returning (some_to_ok cursor_opt), ptr cursor_frame_info -> int -> int -> int -> (cursor option) result
3.4.0, SDL_CreateGPURenderState, Render, GPURenderState, create, renderer @-> ptr gpu_render_state_create_info @-> returning (some_to_ok gpu_render_state_opt), renderer -> ptr gpu_render_state_create_info -> (gpu_render_state option) result
3.4.0, SDL_CreateGPURenderer, Render, Renderer, create_gpu, gpu_device_opt @-> window_opt @-> returning (some_to_ok renderer_opt), gpu_device option -> window option -> (renderer option) result
3.4.0, SDL_DestroyGPURenderState, Render, GPURenderState, destroy, gpu_render_state @-> returning void, gpu_render_state -> unit
3.4.0, SDL_GetDefaultTextureScaleMode, Render, , get_default_texture_scale_mode, renderer @-> ptr scale_mode @-> returning true_to_ok, renderer -> ptr scale_mode -> unit result
3.4.0, SDL_GetEventDescription, Events, Event, get_description, event_opt @-> string @-> int @-> returning int, event option -> string -> int -> int
3.4.0, SDL_GetGPUDeviceProperties, Gpu, GPUDevice, get_properties, gpu_device @-> returning int_as_uint, gpu_device -> int
3.4.0, SDL_GetGPURendererDevice, Render, Renderer, get_gpu_device, renderer @-> returning (some_to_ok gpu_device_opt), renderer -> (gpu_device option) result
3.4.0, SDL_GetGPUTextureFormatFromPixelFormat, Gpu, GPUTextureFormat, get_from_pixel_format, pixel_format @-> returning gpu_texture_format, pixel_format -> gpu_texture_format
3.4.0, SDL_GetPenDeviceType, Pen, Pen, get_device_type, pen_id @-> returning pen_device_type, int -> pen_device_type
3.4.0, SDL_GetPixelFormatFromGPUTextureFormat, Gpu, PixelFormat, get_from_gpu_texture_format, gpu_texture_format @-> returning pixel_format, gpu_texture_format -> pixel_format
3.4.0, SDL_GetRenderTextureAddressMode, Render, Renderer, get_texture_address_mode, renderer @-> ptr_opt texture_address_mode @-> ptr_opt texture_address_mode @-> returning true_to_ok, renderer -> ptr_opt texture_address_mode -> ptr_opt texture_address_mode -> unit result
3.4.0, SDL_GetSystemPageSize, Cpuinfo, , get_system_page_size, void @-> returning int, unit -> int
3.4.0, SDL_GetTexturePalette, Render, Texture, get_palette, texture @-> returning (some_to_ok palette_opt), texture -> (palette option) result
3.4.0, SDL_GetWindowProgressState, Video, Window, get_progress_state, window @-> returning progress_state, window -> progress_state
3.4.0, SDL_GetWindowProgressValue, Video, Window, get_progress_value, window @-> returning float, window -> float
3.4.0, SDL_LoadPNG, Surface, , load_png, string @-> returning (some_to_ok surface_opt), string -> (surface option) result
3.4.0, SDL_LoadPNG_IO, Surface, , load_png_io, io_stream @-> bool @-> returning (some_to_ok surface_opt), io_stream -> bool -> (surface option) result
3.4.0, SDL_LoadSurface, Surface, Surface, load, string @-> returning (some_to_ok surface_opt), string -> (surface option) result
3.4.0, SDL_LoadSurface_IO, Surface, Surface, load_io, io_stream @-> bool @-> returning (some_to_ok surface_opt), io_stream -> bool -> (surface option) result
3.4.0, SDL_PutAudioStreamDataNoCopy, Audio, AudioStream, put_data_no_copy, audio_stream @-> ptr void @-> int @-> audio_stream_data_complete_callback_opt @-> ptr void @-> returning true_to_ok, audio_stream -> ptr void -> int -> audio_stream_data_complete_callback option -> ptr void -> unit result
3.4.0, SDL_PutAudioStreamPlanarData, Audio, AudioStream, put_planar_data, audio_stream @-> ptr (ptr void) @-> int @-> int @-> returning true_to_ok, audio_stream -> ptr (ptr void) -> int -> int -> unit result
3.4.0, SDL_RenderTexture9GridTiled, Render, Renderer, render_texture9_grid_tiled, renderer @-> texture @-> f_rect_opt @-> float @-> float @-> float @-> float @-> float @-> f_rect_opt @-> float @-> returning true_to_ok, renderer -> texture -> f_rect option -> float -> float -> float -> float -> float -> f_rect option -> float -> unit result
3.4.0, SDL_RotateSurface, Surface, Surface, rotate, surface @-> float @-> returning (some_to_ok surface_opt), surface -> float -> (surface option) result
3.4.0, SDL_SavePNG, Surface, , save_png, surface @-> string @-> returning true_to_ok, surface -> string -> unit result
3.4.0, SDL_SavePNG_IO, Surface, , save_png_io, surface @-> io_stream @-> bool @-> returning true_to_ok, surface -> io_stream -> bool -> unit result
3.4.0, SDL_SetDefaultTextureScaleMode, Render, , set_default_texture_scale_mode, renderer @-> scale_mode @-> returning true_to_ok, renderer -> scale_mode -> unit result
3.4.0, SDL_SetGPURenderState, Render, Renderer, set_gpu_state, renderer @-> gpu_render_state_opt @-> returning true_to_ok, renderer -> gpu_render_state option -> unit result
3.4.0, SDL_SetGPURenderStateFragmentUniforms, Render, GPURenderState, set_fragment_uniforms, gpu_render_state @-> uint32 @-> ptr void @-> uint32 @-> returning true_to_ok, gpu_render_state -> int -> ptr void -> int -> unit result
3.4.0, SDL_SetRelativeMouseTransform, Mouse, Mouse, set_relative_transform, mouse_motion_transform_callback_opt @-> ptr void @-> returning true_to_ok, mouse_motion_transform_callback option -> ptr void -> unit result
3.4.0, SDL_SetRenderTextureAddressMode, Render, Renderer, set_texture_address_mode, renderer @-> texture_address_mode @-> texture_address_mode @-> returning true_to_ok, renderer -> texture_address_mode -> texture_address_mode -> unit result
3.4.0, SDL_SetTexturePalette, Render, Texture, set_palette, texture @-> palette @-> returning true_to_ok, texture -> palette -> unit result
3.4.0, SDL_SetWindowFillDocument, Video, Window, set_fill_document, window @-> bool @-> returning true_to_ok, window -> bool -> unit result
3.4.0, SDL_SetWindowProgressState, Video, Window, set_progress_state, window @-> progress_state @-> returning true_to_ok, window -> progress_state -> unit result
3.4.0, SDL_SetWindowProgressValue, Video, Window, set_progress_value, window @-> float @-> returning true_to_ok, window -> float -> unit result
3.4.0, SDL_StretchSurface, Surface, Surface, stretch, surface @-> rect_opt @-> surface @-> rect_opt @-> scale_mode @-> returning true_to_ok, surface -> rect option -> surface -> rect option -> scale_mode -> unit result
3.4.0, SDL_hid_get_properties, Hidapi, , hid_get_properties, hid_device @-> returning int_as_uint, hid_device -> int
